{
    "Objects": [
	{
            "name": "SodaCan_Spite",
            "pos": [
                6257.919921875,
                14.871999740600586,
                2710.3701171875
            ],
            "ypr": [
                -180.0,
                90.0,
                -180.0
            ]
        },
        {
            "name": "SodaCan_Spite",
            "pos": [
                10263.34375,
                12.343717575073243,
                2168.30810546875
            ],
            "ypr": [
                -0.000005008955668017734,
                90.0,
                -0.000005008955668017734
            ]
        },
        {
            "name": "SodaCan_Spite",
            "pos": [
                2578.81396484375,
                201.19540405273438,
                5079.2783203125
            ],
            "ypr": [
                179.99998474121095,
                90.0,
                179.99998474121095
            ]
        },
        {
            "name": "SodaCan_Spite",
            "pos": [
                12821.3671875,
                12.282865524291993,
                9977.4462890625
            ],
            "ypr": [
                -180.0,
                90.0,
                -180.0
            ]
        },
        {
            "name": "SodaCan_Spite",
            "pos": [
                10364.2998046875,
                131.61099243164063,
                15556.7001953125
            ],
            "ypr": [
                -180.0,
                90.0,
                -180.0
            ]
        },
        {
            "name": "SodaCan_Pipsi",
            "pos": [
                12171.6064453125,
                99.22244262695313,
                13861.599609375
            ],
            "ypr": [
                -180.0,
                90.0,
                -180.0
            ]
        },
		{
            "name": "SodaCan_Spite",
            "pos": [
                6257.919921875,
                14.871999740600586,
                2710.3701171875
            ],
            "ypr": [
                -180.0,
                90.0,
                -180.0
            ]
        },
        {
            "name": "SodaCan_Spite",
            "pos": [
                10263.34375,
                12.343717575073243,
                2168.30810546875
            ],
            "ypr": [
                -0.000005008955668017734,
                90.0,
                -0.000005008955668017734
            ]
        },
        {
            "name": "SodaCan_Spite",
            "pos": [
                2578.81396484375,
                201.19540405273438,
                5079.2783203125
            ],
            "ypr": [
                179.99998474121095,
                90.0,
                179.99998474121095
            ]
        },
        {
            "name": "SodaCan_Spite",
            "pos": [
                12821.3671875,
                12.282865524291993,
                9977.4462890625
            ],
            "ypr": [
                -180.0,
                90.0,
                -180.0
            ]
        },
        {
            "name": "SodaCan_Spite",
            "pos": [
                10364.2998046875,
                131.61099243164063,
                15556.7001953125
            ],
            "ypr": [
                -180.0,
                90.0,
                -180.0
            ]
        },
        {
            "name": "SodaCan_Pipsi",
            "pos": [
                12171.6064453125,
                99.22244262695313,
                13861.599609375
            ],
            "ypr": [
                -180.0,
                90.0,
                -180.0
            ]
        }
        {
            "name": "SodaCan_Pipsi",
            "pos": [
                8073.7001953125,
                7.228950023651123,
                3266.1201171875
            ],
            "ypr": [
                0.000005008955668017734,
                90.0,
                0.10000260919332504
            ]
        },
		 {
            "name": "SodaCan_Pipsi",
            "pos": [
                4625.443359375,
                339.8929748535156,
                10437.912109375
            ],
            "ypr": [
                0.0,
                0.0,
                90.0
            ]
        },
        {
            "name": "SodaCan_Pipsi",
            "pos": [
                11970.5,
                6.843900203704834,
                3555.5
            ],
            "ypr": [
                -180.0,
                90.0,
                -179.89999389648438
            ]
        },
        {
            "name": "SodaCan_Spite",
            "pos": [
                13361.900390625,
                8.404020309448243,
                6146.2998046875
            ],
            "ypr": [
                14.889995574951172,
                90.0,
                0.000005008955668017734
            ]
        },
        {
            "name": "SodaCan_Cola",
            "pos": [
                12864.099609375,
                58.090599060058597,
                15059.2998046875
            ],
            "ypr": [
                149.99998474121095,
                90.0,
                -180.0
            ]
        },
        {
            "name": "SodaCan_Kvass",
            "pos": [
                2004.949951171875,
                250.00599670410157,
                11280.900390625
            ],
            "ypr": [
                -0.000005008955668017734,
                -90.0,
                -0.000005008955668017734
            ]
        },
        {
            "name": "SodaCan_Spite",
            "pos": [
                1888.4599609375,
                6.83873987197876,
                2173.800048828125
            ],
            "ypr": [
                0.000005008955668017734,
                84.00000762939453,
                0.000005008955668017734
            ]
        },
        {
            "name": "SodaCan_Cola",
            "pos": [
                3668.91943359375,
                7.223710060119629,
                2400.52001953125
            ],
            "ypr": [
                179.99998474121095,
                89.49992370605469,
                179.99998474121095
            ]
        },
        {
            "name": "SodaCan_Kvass",
            "pos": [
                4409.52099609375,
                6.833115577697754,
                2310.02978515625
            ],
            "ypr": [
                -180.0,
                90.0,
                -180.0
            ]
        },
        {
            "name": "SodaCan_Spite",
            "pos": [
                6480.85009765625,
                10.222800254821778,
                2712.52001953125
            ],
            "ypr": [
                0.000005008955668017734,
                90.0,
                0.000005008955668017734
            ]
        },
        {
            "name": "SodaCan_Pipsi",
            "pos": [
                6462.0546875,
                10.197014808654786,
                2728.33740234375
            ],
            "ypr": [
                54.75366973876953,
                88.14490509033203,
                179.99989318847657
            ]
        },
        {
            "name": "SodaCan_Pipsi",
            "pos": [
                10290.0166015625,
                13.273210525512696,
                2271.490478515625
            ],
            "ypr": [
                54.75366973876953,
                88.14490509033203,
                179.99989318847657
            ]
        },
        {
            "name": "SodaCan_Spite",
            "pos": [
                10281.5029296875,
                13.295324325561524,
                2294.779541015625
            ],
            "ypr": [
                -179.99998474121095,
                90.0,
                -179.99998474121095
            ]
        },
        {
            "name": "SodaCan_Cola",
            "pos": [
                2155.47998046875,
                92.10659790039063,
                3359.7099609375
            ],
            "ypr": [
                0.0,
                0.0,
                90.0
            ]
        },
        {
            "name": "SodaCan_Pipsi",
            "pos": [
                2180.06005859375,
                92.09014129638672,
                3357.183837890625
            ],
            "ypr": [
                0.0,
                0.0,
                90.0
            ]
        },
        {
            "name": "SodaCan_Pipsi",
            "pos": [
                11935.2001953125,
                54.815399169921878,
                9077.1298828125
            ],
            "ypr": [
                0.000005008955668017734,
                90.0,
                0.000005008955668017734
            ]
        },
        {
            "name": "SodaCan_Spite",
            "pos": [
                11919.5205078125,
                54.820343017578128,
                9058.1669921875
            ],
            "ypr": [
                179.9999542236328,
                90.0,
                179.9999542236328
            ]
        },
        {
            "name": "SodaCan_Spite",
            "pos": [
                11423.400390625,
                79.03929138183594,
                14596.052734375
            ],
            "ypr": [
                -0.00010427406232338399,
                90.0,
                -0.00010427406232338399
            ]
        },
        {
            "name": "SodaCan_Cola",
            "pos": [
                11398.84375,
                79.03292846679688,
                14598.1201171875
            ],
            "ypr": [
                0.0,
                -0.0,
                -0.0
            ]
        },
        {
            "name": "SodaCan_Kvass",
            "pos": [
                8021.91845703125,
                114.7049560546875,
                12738.1787109375
            ],
            "ypr": [
                179.9999542236328,
                90.0,
                179.9999542236328
            ]
        },
        {
            "name": "SodaCan_Pipsi",
            "pos": [
                8015.9501953125,
                114.63243865966797,
                12762.099609375
            ],
            "ypr": [
                179.9999542236328,
                90.0,
                179.9999542236328
            ]
        }
    ]
}