{
    "Objects": [
        {
            "name": "SpotlightLight",
            "pos": [
                2645.15583125115,
                127.27496300000001,
                2203.6772910835084
            ],
            "ypr": [
                3.824081999999976,
                0,
                -179.999969
            ],
            "scale": 0.999843,
            "enableCEPersistency": false
        },
        {
            "name": "SpotlightLight",
            "pos": [
                6049.425985939216,
                27.359821000000018,
                1905.6209865002866
            ],
            "ypr": [
                353.669053,
                0,
                -179.999969
            ],
            "scale": 0.999843,
            "enableCEPersistency": false
        },
        {
            "name": "SpotlightLight",
            "pos": [
                7066.339840210008,
                18.314970000000017,
                2428.536560146245
            ],
            "ypr": [
                17.046966999999995,
                0,
                -179.999969
            ],
            "scale": 0.999843,
            "enableCEPersistency": false
        },
        {
            "name": "SpotlightLight",
            "pos": [
                8353.34742365905,
                24.785652000000017,
                2477.730747326028
            ],
            "ypr": [
                220.19733100000002,
                0,
                -179.999969
            ],
            "scale": 0.999843,
            "enableCEPersistency": false
        },
        {
            "name": "SpotlightLight",
            "pos": [
                11165.322125871638,
                24.53353900000002,
                2499.395014883648
            ],
            "ypr": [
                147.64153000000002,
                0,
                -179.999969
            ],
            "scale": 0.999843,
            "enableCEPersistency": false
        },
        {
            "name": "SpotlightLight",
            "pos": [
                13068.500022839691,
                19.52968600000002,
                9690.404342520826
            ],
            "ypr": [
                276.006752,
                0,
                -179.999969
            ],
            "scale": 0.999843,
            "enableCEPersistency": false
        },
        {
            "name": "SpotlightLight",
            "pos": [
                13319.235199537567,
                30.21569600000002,
                2774.0046142436736
            ],
            "ypr": [
                54.39784300000002,
                0,
                -179.999969
            ],
            "scale": 0.999843,
            "enableCEPersistency": false
        },
        {
            "name": "SpotlightLight",
            "pos": [
                13645.02053482567,
                31.17925500000002,
                3891.5388463333356
            ],
            "ypr": [
                325.751664,
                0,
                -179.999969
            ],
            "scale": 0.999843,
            "enableCEPersistency": false
        },
        {
            "name": "SpotlightLight",
            "pos": [
                13990.047103929117,
                35.82919900000002,
                11224.182966954493
            ],
            "ypr": [
                20.647172000000012,
                0,
                -179.999969
            ],
            "scale": 0.999843,
            "enableCEPersistency": false
        },
        {
            "name": "SpotlightLight",
            "pos": [
                14353.974736175132,
                17.733828000000017,
                12872.081327023952
            ],
            "ypr": [
                278.269318,
                0,
                -179.999969
            ],
            "scale": 0.999843,
            "enableCEPersistency": false
        }
    ]
}