{
	"Objects": [
{
              "name": "DZ\\plants\\bush\\b_prunusspinosa_2s.p3d",
              "pos": [
              11359.188477,
              254.57980399999997,
              5535
            ],
              "ypr": [
              0,
              0,
              0
              ],
              "scale": 1
          },
{
              "name": "DZ\\plants\\bush\\b_prunusspinosa_2s.p3d",
              "pos": [
              11379.008789,
              256.37439,
              5558.2294919999995
            ],
              "ypr": [
              0,
              0,
              0
              ],
              "scale": 1
          },
{
              "name": "DZ\\plants\\bush\\b_prunusspinosa_2s.p3d",
              "pos": [
              11320.529297,
              254.05798299999998,
              5511.60791
            ],
              "ypr": [
              0,
              0,
              0
              ],
              "scale": 1
          },
{
              "name": "DZ\\plants\\bush\\b_prunusspinosa_1s.p3d",
              "pos": [
              11298.158203,
              254.393585,
              5510.753417000001
            ],
              "ypr": [
              0,
              0,
              0
              ],
              "scale": 1
          },
{
              "name": "DZ\\plants\\bush\\b_crataeguslaevigata_1s.p3d",
              "pos": [
              11278.660156,
              254.679276,
              5502.823730000001
            ],
              "ypr": [
              0,
              0,
              0
              ],
              "scale": 1
          },
{
              "name": "DZ\\plants\\bush\\b_crataeguslaevigata_1s.p3d",
              "pos": [
              11255.189453,
              254.916824,
              5487.882812000001
            ],
              "ypr": [
              0,
              0,
              0
              ],
              "scale": 1
          },
{
              "name": "DZ\\plants\\bush\\b_crataeguslaevigata_2s.p3d",
              "pos": [
              11239.478515,
              255.64740100000003,
              5494.114746
            ],
              "ypr": [
              0,
              0,
              0
              ],
              "scale": 1
          },
{
              "name": "DZ\\plants\\bush\\b_crataeguslaevigata_2s.p3d",
              "pos": [
              11365.419922,
              253.33035400000003,
              5477.138184
            ],
              "ypr": [
              0,
              0,
              0
              ],
              "scale": 1
          },
{
              "name": "DZ\\plants\\bush\\b_sambucusnigra_1s.p3d",
              "pos": [
              11353.861327999999,
              254.375534,
              5533.271484
            ],
              "ypr": [
              0,
              0,
              0
              ],
              "scale": 1
          },
{
              "name": "DZ\\plants\\bush\\b_sambucusnigra_2s.p3d",
              "pos": [
              11390.908202,
              253.127137,
              5484.880370999999
            ],
              "ypr": [
              0,
              0,
              0
              ],
              "scale": 1
          },
{
              "name": "DZ\\plants\\tree\\t_betulapendula_2w.p3d",
              "pos": [
              11362.628906000002,
              254.965012,
              5540.357422000001
            ],
              "ypr": [
              0,
              0,
              0
              ],
              "scale": 1
          },
{
              "name": "DZ\\plants\\tree\\t_fagussylvatica_1s.p3d",
              "pos": [
              11355.673828999998,
              254.692917,
              5538.242677000001
            ],
              "ypr": [
              0,
              0,
              0
              ],
              "scale": 1
          },
{
              "name": "DZ\\plants\\tree\\t_fagussylvatica_2s.p3d",
              "pos": [
              11367.986328000003,
              255.35847499999997,
              5546.570800999999
            ],
              "ypr": [
              0,
              0,
              0
              ],
              "scale": 1
          },
{
              "name": "DZ\\plants\\tree\\t_fagussylvatica_2s.p3d",
              "pos": [
              11357.755859000003,
              254.09712199999998,
              5518.543456999999
            ],
              "ypr": [
              0,
              0,
              0
              ],
              "scale": 1
          },
{
              "name": "DZ\\plants\\tree\\t_fagussylvatica_3s.p3d",
              "pos": [
              11357.828124999998,
              254.813751,
              5539.893067
            ],
              "ypr": [
              0,
              0,
              0
              ],
              "scale": 1
          },
{
              "name": "DZ\\plants\\tree\\t_fagussylvatica_3s.p3d",
              "pos": [
              11323.597655999998,
              253.42343200000002,
              5484.157227
            ],
              "ypr": [
              0,
              0,
              0
              ],
              "scale": 1
          },
{
              "name": "DZ\\plants\\tree\\t_fagussylvatica_3s.p3d",
              "pos": [
              11299.046874999998,
              254.398041,
              5511.145995999999
            ],
              "ypr": [
              0,
              0,
              0
              ],
              "scale": 1
          },
{
              "name": "DZ\\plants\\tree\\t_fagussylvatica_3s.p3d",
              "pos": [
              11271.609374999998,
              255.072052,
              5505.816406
            ],
              "ypr": [
              0,
              0,
              0
              ],
              "scale": 1
          },
{
              "name": "DZ\\plants\\tree\\t_fraxinusexcelsior_2f.p3d",
              "pos": [
              11259.744140999997,
              256.41522199999997,
              5508.821777
            ],
              "ypr": [
              0,
              0,
              0
              ],
              "scale": 1
          },
{
              "name": "DZ\\plants\\tree\\t_fraxinusexcelsior_2s.p3d",
              "pos": [
              11247.865234999997,
              254.791565,
              5495.177245999999
            ],
              "ypr": [
              0,
              0,
              0
              ],
              "scale": 1
          },
{
              "name": "DZ\\plants\\tree\\t_fraxinusexcelsior_2w.p3d",
              "pos": [
              11256.780273000002,
              255.23306300000002,
              5500.166992
            ],
              "ypr": [
              0,
              0,
              0
              ],
              "scale": 1
          },
{
              "name": "DZ\\plants\\tree\\t_fraxinusexcelsior_3s.p3d",
              "pos": [
              11237.828126,
              257.13272099999995,
              5500.923339
            ],
              "ypr": [
              0,
              0,
              0
              ],
              "scale": 1
          },
{
              "name": "DZ\\plants\\tree\\t_juglansregia_2s.p3d",
              "pos": [
              11227.780273,
              256.59781,
              5496.602052000001
            ],
              "ypr": [
              0,
              0,
              0
              ],
              "scale": 1
          },
{
              "name": "DZ\\plants\\tree\\t_juglansregia_3s.p3d",
              "pos": [
              11311.808593999996,
              258.853958,
              5543.562988
            ],
              "ypr": [
              0,
              0,
              0
              ],
              "scale": 1
          },
{
              "name": "DZ\\plants\\tree\\t_malusdomestica_3s.p3d",
              "pos": [
              11365.922850999998,
              256.74678099999994,
              5559.077636999999
            ],
              "ypr": [
              0,
              0,
              0
              ],
              "scale": 1
          },
{
              "name": "DZ\\plants\\tree\\t_malusdomestica_3s.p3d",
              "pos": [
              11392.847655999998,
              254.193864,
              5508.944336
            ],
              "ypr": [
              0,
              0,
              0
              ],
              "scale": 1
          },
{
              "name": "DZ\\plants\\tree\\t_naked_1s.p3d",
              "pos": [
              11347.067382999998,
              253.07939100000002,
              5481.117676
            ],
              "ypr": [
              0,
              0,
              0
              ],
              "scale": 1
          },
{
              "name": "DZ\\plants\\tree\\t_malusdomestica_3s.p3d",
              "pos": [
              11348.644530999998,
              253.36018399999998,
              5491.792968999999
            ],
              "ypr": [
              0,
              0,
              0
              ],
              "scale": 1
          },
{
              "name": "DZ\\plants\\tree\\t_malusdomestica_3s.p3d",
              "pos": [
              11304.320311999998,
              252.652573,
              5469.364257999999
            ],
              "ypr": [
              0,
              0,
              0
              ],
              "scale": 1
          },
{
              "name": "DZ\\plants\\tree\\t_malusdomestica_3s.p3d",
              "pos": [
              11265.347655999998,
              252.64497499999996,
              5439.0444339999995
            ],
              "ypr": [
              0,
              0,
              0
              ],
              "scale": 1
          },
{
              "name": "DZ\\plants\\tree\\t_malusdomestica_2s.p3d",
              "pos": [
              11271.170899,
              252.417679,
              5442.439453999999
            ],
              "ypr": [
              0,
              0,
              0
              ],
              "scale": 1
          },
{
              "name": "DZ\\plants\\tree\\t_malusdomestica_2s.p3d",
              "pos": [
              11243.294922000001,
              254.68272399999998,
              5452.767578999999
            ],
              "ypr": [
              0,
              0,
              0
              ],
              "scale": 1
          },
{
              "name": "DZ\\plants\\tree\\t_malusdomestica_3s.p3d",
              "pos": [
              11258.432616999999,
              254.073075,
              5455.194336
            ],
              "ypr": [
              0,
              0,
              0
              ],
              "scale": 1
          },
{
              "name": "DZ\\plants\\tree\\t_malusdomestica_3s.p3d",
              "pos": [
              11202.357421999997,
              258.059312,
              5475.9462889999995
            ],
              "ypr": [
              0,
              0,
              0
              ],
              "scale": 1
          },
{
              "name": "DZ\\plants\\tree\\t_populusalba_3s.p3d",
              "pos": [
              11192.719727,
              258.403138,
              5466.3266600000015
            ],
              "ypr": [
              0,
              0,
              0
              ],
              "scale": 1
          },
{
              "name": "DZ\\plants\\tree\\t_populusnigra_3s.p3d",
              "pos": [
              11215.842773000002,
              256.877792,
              5486.2744139999995
            ],
              "ypr": [
              0,
              0,
              0
              ],
              "scale": 1
          },
{
              "name": "DZ\\plants\\tree\\t_populusnigra_3s.p3d",
              "pos": [
              11207.291015,
              256.696517,
              5451.472167999999
            ],
              "ypr": [
              0,
              0,
              0
              ],
              "scale": 1
          },
{
              "name": "DZ\\plants\\tree\\t_populusnigra_3s.p3d",
              "pos": [
              11178.033202000002,
              258.993301,
              5437.222167999999
            ],
              "ypr": [
              0,
              0,
              0
              ],
              "scale": 1
          },
{
              "name": "DZ\\plants\\tree\\t_quercusrobur_1s.p3d",
              "pos": [
              11175.077148000002,
              261.372833,
              5450.449219000001
            ],
              "ypr": [
              0,
              0,
              0
              ],
              "scale": 1
          },
{
              "name": "DZ\\plants\\tree\\t_pyruscommunis_3sb.p3d",
              "pos": [
              11184.963866999997,
              258.863586,
              5423.837402000001
            ],
              "ypr": [
              0,
              0,
              0
              ],
              "scale": 1
          },
{
              "name": "DZ\\plants\\tree\\t_pyruscommunis_3sb.p3d",
              "pos": [
              11321.397460999997,
              254.00769000000003,
              5520.035644000001
            ],
              "ypr": [
              0,
              0,
              0
              ],
              "scale": 1
          },
{
              "name": "DZ\\plants\\tree\\t_pyruscommunis_3sb.p3d",
              "pos": [
              11309.144530999998,
              254.74496399999998,
              5524.0786130000015
            ],
              "ypr": [
              0,
              0,
              0
              ],
              "scale": 1
          },
{
              "name": "DZ\\plants\\tree\\t_pyruscommunis_3sb.p3d",
              "pos": [
              11308.269530999998,
              254.299377,
              5518.677246000001
            ],
              "ypr": [
              0,
              0,
              0
              ],
              "scale": 1
          },
{
              "name": "DZ\\plants\\tree\\t_pyruscommunis_3sb.p3d",
              "pos": [
              11263.623046999997,
              254.70144599999998,
              5485.978515000002
            ],
              "ypr": [
              0,
              0,
              0
              ],
              "scale": 1
          },
{
              "name": "DZ\\plants\\tree\\t_pyruscommunis_3sb.p3d",
              "pos": [
              11169.719726999998,
              261.08078,
              5413.384765000002
            ],
              "ypr": [
              0,
              0,
              0
              ],
              "scale": 1
          },
{
              "name": "DZ\\plants\\tree\\t_pyruscommunis_3sb.p3d",
              "pos": [
              11224.598632999998,
              256.427124,
              5495.024414000001
            ],
              "ypr": [
              0,
              0,
              0
              ],
              "scale": 1
          },
{
              "name": "DZ\\plants\\tree\\t_pyruscommunis_3sb.p3d",
              "pos": [
              11211.192382999998,
              257.935699,
              5488.4218740000015
            ],
              "ypr": [
              0,
              0,
              0
              ],
              "scale": 1
          },
{
              "name": "DZ\\plants\\tree\\t_pyruscommunis_3s.p3d",
              "pos": [
              11208.036133,
              257.341415,
              5478.0600589999995
            ],
              "ypr": [
              0,
              0,
              0
              ],
              "scale": 1
          },
{
              "name": "DZ\\plants\\tree\\t_pyruscommunis_3s.p3d",
              "pos": [
              11200.90625,
              260.839798,
              5485.397461
            ],
              "ypr": [
              0,
              0,
              0
              ],
              "scale": 1
          },
{
              "name": "DZ\\plants\\bush\\b_sambucusnigra_2s.p3d",
              "pos": [
              11205.526366,
              257.61551,
              5480.140136999999
            ],
              "ypr": [
              0,
              0,
              0
              ],
              "scale": 1
          },
{
              "name": "DZ\\plants\\bush\\b_sambucusnigra_2s.p3d",
              "pos": [
              11216.265624,
              258.187226,
              5493.234375
            ],
              "ypr": [
              0,
              0,
              0
              ],
              "scale": 1
          },
{
              "name": "DZ\\plants\\bush\\b_crataeguslaevigata_2s.p3d",
              "pos": [
              11199.836914,
              258.86944700000004,
              5478.770508
            ],
              "ypr": [
              0,
              0,
              0
              ],
              "scale": 1
          },
{
              "name": "DZ\\plants\\bush\\b_crataeguslaevigata_2s.p3d",
              "pos": [
              11213.512695,
              257.618012,
              5490.316406
            ],
              "ypr": [
              0,
              0,
              0
              ],
              "scale": 1
          },
{
              "name": "DZ\\plants\\bush\\b_corylusavellana_2s.p3d",
              "pos": [
              11222.601563,
              256.670121,
              5492.250975999999
            ],
              "ypr": [
              0,
              0,
              0
              ],
              "scale": 1
          },
{
              "name": "DZ\\plants\\bush\\b_corylusavellana_1f.p3d",
              "pos": [
              11206.965820000001,
              257.220687,
              5475.645019
            ],
              "ypr": [
              0,
              0,
              0
              ],
              "scale": 1
          },
{
              "name": "DZ\\plants\\bush\\b_betulahumilis_1s.p3d",
              "pos": [
              11212.407227000002,
              256.82518000000005,
              5469.774903
            ],
              "ypr": [
              0,
              0,
              0
              ],
              "scale": 1
          },
{
              "name": "DZ\\plants\\bush\\b_betulahumilis_1s.p3d",
              "pos": [
              11200.353516000001,
              258.11750800000004,
              5475.600098000001
            ],
              "ypr": [
              0,
              0,
              0
              ],
              "scale": 1
          },
{
              "name": "DZ\\plants\\bush\\b_betulahumilis_1s.p3d",
              "pos": [
              11203.649414000001,
              257.226852,
              5468.057618000001
            ],
              "ypr": [
              0,
              0,
              0
              ],
              "scale": 1
          },
{
              "name": "DZ\\plants\\bush\\b_betulahumilis_1s.p3d",
              "pos": [
              11303.601562000002,
              256.797012,
              5532.373536000001
            ],
              "ypr": [
              0,
              0,
              0
              ],
              "scale": 1
          },
{
              "name": "DZ\\plants\\clutter\\c_elytrigia_green.p3d",
              "pos": [
              11304.227539000001,
              254.338669,
              5505.499510999999
            ],
              "ypr": [
              0,
              0,
              0
              ],
              "scale": 1
          },
{
              "name": "DZ\\plants\\clutter\\c_elytrigia_green.p3d",
              "pos": [
              11302.290039000001,
              254.335022,
              5509.830077999999
            ],
              "ypr": [
              0,
              0,
              0
              ],
              "scale": 1
          },
{
              "name": "DZ\\plants\\clutter\\c_elytrigia_green.p3d",
              "pos": [
              11302.97168,
              254.34187400000002,
              5507.608885999999
            ],
              "ypr": [
              0,
              0,
              0
              ],
              "scale": 1
          },
{
              "name": "DZ\\plants\\clutter\\c_elytrigia_green.p3d",
              "pos": [
              11301.720703,
              254.360443,
              5507.790526999999
            ],
              "ypr": [
              0,
              0,
              0
              ],
              "scale": 1
          },
{
              "name": "DZ\\plants\\clutter\\c_elytrigia_green.p3d",
              "pos": [
              11301.020508000001,
              254.36029100000002,
              5509.210448999999
            ],
              "ypr": [
              0,
              0,
              0
              ],
              "scale": 1
          },
{
              "name": "DZ\\plants\\clutter\\c_elytrigia_green.p3d",
              "pos": [
              11302.569336,
              254.357651,
              5506.443846999999
            ],
              "ypr": [
              0,
              0,
              0
              ],
              "scale": 1
          },
{
              "name": "DZ\\plants\\clutter\\c_elytrigia_green.p3d",
              "pos": [
              11292.458985000001,
              254.359528,
              5500.674315999999
            ],
              "ypr": [
              0,
              0,
              0
              ],
              "scale": 1
          },
{
              "name": "DZ\\plants\\clutter\\c_elytrigia_green.p3d",
              "pos": [
              11287.205078,
              254.526902,
              5503.498046999999
            ],
              "ypr": [
              0,
              0,
              0
              ],
              "scale": 1
          },
{
              "name": "DZ\\plants\\clutter\\c_elytrigia_green.p3d",
              "pos": [
              11286.105469,
              254.481537,
              5498.169432999999
            ],
              "ypr": [
              0,
              0,
              0
              ],
              "scale": 1
          },
{
              "name": "DZ\\plants\\clutter\\c_elytrigia_green.p3d",
              "pos": [
              11287.008789000001,
              254.483933,
              5499.657225999999
            ],
              "ypr": [
              0,
              0,
              0
              ],
              "scale": 1
          },
{
              "name": "DZ\\plants\\clutter\\c_elytrigia_green.p3d",
              "pos": [
              11277.249024,
              254.418396,
              5493.565428999999
            ],
              "ypr": [
              0,
              0,
              0
              ],
              "scale": 1
          },
{
              "name": "DZ\\plants\\clutter\\c_elytrigia_green.p3d",
              "pos": [
              11278.588867,
              254.484146,
              5495.135741999999
            ],
              "ypr": [
              0,
              0,
              0
              ],
              "scale": 1
          },
{
              "name": "DZ\\plants\\clutter\\c_elytrigia_green.p3d",
              "pos": [
              11277.69043,
              254.51890600000002,
              5496.194823999999
            ],
              "ypr": [
              0,
              0,
              0
              ],
              "scale": 1
          },
{
              "name": "DZ\\plants\\clutter\\c_elytrigia_green.p3d",
              "pos": [
              11273.960938,
              254.42378300000001,
              5492.7783199999985
            ],
              "ypr": [
              0,
              0,
              0
              ],
              "scale": 1
          },
{
              "name": "DZ\\plants\\clutter\\c_elytrigia_green.p3d",
              "pos": [
              11275.581055,
              254.479691,
              5495.445311999999
            ],
              "ypr": [
              0,
              0,
              0
              ],
              "scale": 1
          },
{
              "name": "DZ\\plants\\clutter\\c_elytrigia_green.p3d",
              "pos": [
              11268.128906000002,
              254.552323,
              5490.627928999999
            ],
              "ypr": [
              0,
              0,
              0
              ],
              "scale": 1
          },
{
              "name": "DZ\\plants\\clutter\\c_elytrigia_green.p3d",
              "pos": [
              11258.590820000001,
              254.820404,
              5493.462401999999
            ],
              "ypr": [
              0,
              0,
              0
              ],
              "scale": 1
          },
{
              "name": "DZ\\plants\\clutter\\c_elytrigia_green.p3d",
              "pos": [
              11260.367188,
              254.778122,
              5493.3720699999985
            ],
              "ypr": [
              0,
              0,
              0
              ],
              "scale": 1
          },
{
              "name": "DZ\\plants\\clutter\\c_elytrigia_green.p3d",
              "pos": [
              11259.397461,
              254.806305,
              5492.145506999999
            ],
              "ypr": [
              0,
              0,
              0
              ],
              "scale": 1
          },
{
              "name": "DZ\\plants\\clutter\\c_elytrigia_green.p3d",
              "pos": [
              11260.842774,
              254.762513,
              5494.364256999999
            ],
              "ypr": [
              0,
              0,
              0
              ],
              "scale": 1
          },
{
              "name": "DZ\\plants\\clutter\\c_elytrigia_green.p3d",
              "pos": [
              11247.445313,
              255.112961,
              5488.833983999999
            ],
              "ypr": [
              0,
              0,
              0
              ],
              "scale": 1
          },
{
              "name": "DZ\\plants\\clutter\\c_elytrigia_green.p3d",
              "pos": [
              11246.282227000002,
              255.140396,
              5489.387206999999
            ],
              "ypr": [
              0,
              0,
              0
              ],
              "scale": 1
          },
{
              "name": "DZ\\plants\\clutter\\c_elytrigia_green.p3d",
              "pos": [
              11237.562500000002,
              255.663147,
              5492.226073999999
            ],
              "ypr": [
              0,
              0,
              0
              ],
              "scale": 1
          },
{
              "name": "DZ\\plants\\clutter\\c_elytrigia_green.p3d",
              "pos": [
              11235.568360000001,
              255.76516800000002,
              5491.845702999999
            ],
              "ypr": [
              0,
              0,
              0
              ],
              "scale": 1
          },
{
              "name": "DZ\\plants\\clutter\\c_elytrigia_green.p3d",
              "pos": [
              11236.290039000001,
              255.78530899999998,
              5493.053221999999
            ],
              "ypr": [
              0,
              0,
              0
              ],
              "scale": 1
          },
{
              "name": "DZ\\plants\\clutter\\c_elytrigia_green.p3d",
              "pos": [
              11216.015625000002,
              256.596527,
              5474.337401999999
            ],
              "ypr": [
              0,
              0,
              0
              ],
              "scale": 1
          },
{
              "name": "DZ\\plants\\clutter\\c_elytrigia_green.p3d",
              "pos": [
              11214.870117,
              256.67697200000003,
              5475.897948999999
            ],
              "ypr": [
              0,
              0,
              0
              ],
              "scale": 1
          },
{
              "name": "DZ\\plants\\clutter\\c_elytrigia_green.p3d",
              "pos": [
              11214.556641000001,
              256.689881,
              5474.743163999999
            ],
              "ypr": [
              0,
              0,
              0
              ],
              "scale": 1
          },
{
              "name": "DZ\\plants\\clutter\\c_elytrigia_green.p3d",
              "pos": [
              11211.387695000001,
              256.978852,
              5478.464354999999
            ],
              "ypr": [
              0,
              0,
              0
              ],
              "scale": 1
          },
{
              "name": "DZ\\plants\\clutter\\c_elytrigia_green.p3d",
              "pos": [
              11211.188477000002,
              256.99234,
              5477.306639999999
            ],
              "ypr": [
              0,
              0,
              0
              ],
              "scale": 1
          },
{
              "name": "DZ\\plants\\clutter\\c_elytrigia_green.p3d",
              "pos": [
              11198.65918,
              257.12426800000003,
              5458.514159999999
            ],
              "ypr": [
              0,
              0,
              0
              ],
              "scale": 1
          },
{
              "name": "DZ\\plants\\clutter\\c_elytrigia_green.p3d",
              "pos": [
              11199.260742,
              257.100373,
              5457.746092999999
            ],
              "ypr": [
              0,
              0,
              0
              ],
              "scale": 1
          },
{
              "name": "DZ\\plants\\clutter\\c_elytrigia_green.p3d",
              "pos": [
              11202.421875000002,
              257.000763,
              5456.924315999999
            ],
              "ypr": [
              0,
              0,
              0
              ],
              "scale": 1
          },
{
              "name": "DZ\\plants\\clutter\\c_elytrigia_green.p3d",
              "pos": [
              11187.674805,
              257.939545,
              5432.525389999999
            ],
              "ypr": [
              0,
              0,
              0
              ],
              "scale": 1
          },
{
              "name": "DZ\\plants\\clutter\\c_elytrigia_green.p3d",
              "pos": [
              11186.461914000001,
              257.839783,
              5437.671385999999
            ],
              "ypr": [
              0,
              0,
              0
              ],
              "scale": 1
          },
{
              "name": "DZ\\plants\\clutter\\c_elytrigia_green.p3d",
              "pos": [
              11170.938477000002,
              260.868805,
              5417.258788999999
            ],
              "ypr": [
              0,
              0,
              0
              ],
              "scale": 1
          },
{
              "name": "DZ\\plants\\clutter\\c_elytrigia_green.p3d",
              "pos": [
              11171.970703,
              260.683045,
              5418.935546999999
            ],
              "ypr": [
              0,
              0,
              0
              ],
              "scale": 1
          },
{
              "name": "DZ\\plants\\clutter\\c_elytrigia_green.p3d",
              "pos": [
              11170.187500000002,
              260.868714,
              5418.847655999999
            ],
              "ypr": [
              0,
              0,
              0
              ],
              "scale": 1
          },
{
              "name": "DZ\\plants\\clutter\\c_elytrigia_green.p3d",
              "pos": [
              11170.959961,
              260.749054,
              5419.693846999999
            ],
              "ypr": [
              0,
              0,
              0
              ],
              "scale": 1
          },
{
              "name": "DZ\\plants\\clutter\\c_elytrigia_green.p3d",
              "pos": [
              11166.945313,
              261.20163,
              5418.706053999999
            ],
              "ypr": [
              0,
              0,
              0
              ],
              "scale": 1
          },
{
              "name": "DZ\\plants\\clutter\\c_elytrigia_green.p3d",
              "pos": [
              11167.448242,
              261.087738,
              5419.966796999999
            ],
              "ypr": [
              0,
              0,
              0
              ],
              "scale": 1
          },
{
              "name": "DZ\\plants\\clutter\\c_elytrigia_green.p3d",
              "pos": [
              11156.950195000001,
              262.485657,
              5397.006346999999
            ],
              "ypr": [
              0,
              0,
              0
              ],
              "scale": 1
          },
{
              "name": "DZ\\plants\\clutter\\c_elytrigiatall.p3d",
              "pos": [
              11156.15625,
              262.48426800000004,
              5397.512207
            ],
              "ypr": [
              0,
              0,
              0
              ],
              "scale": 1
          },
{
              "name": "DZ\\plants\\clutter\\c_elytrigiadirt.p3d",
              "pos": [
              11154.690429999999,
              262.346451,
              5400.477051000001
            ],
              "ypr": [
              0,
              0,
              0
              ],
              "scale": 1
          },
{
              "name": "DZ\\plants\\clutter\\c_elytrigiadirt.p3d",
              "pos": [
              11164.406249999998,
              261.62709099999995,
              5409.134277
            ],
              "ypr": [
              0,
              0,
              0
              ],
              "scale": 1
          },
{
              "name": "DZ\\plants\\clutter\\c_elytrigiadirt.p3d",
              "pos": [
              11168.248047,
              261.06260699999996,
              5418.846680000001
            ],
              "ypr": [
              0,
              0,
              0
              ],
              "scale": 1
          },
{
              "name": "DZ\\plants\\clutter\\c_elytrigiatall.p3d",
              "pos": [
              11172.449219,
              260.54148799999996,
              5420.620605
            ],
              "ypr": [
              0,
              0,
              0
              ],
              "scale": 1
          },
{
              "name": "DZ\\plants\\clutter\\c_elytrigiatall.p3d",
              "pos": [
              11185.632813,
              257.930069,
              5436.327148
            ],
              "ypr": [
              0,
              0,
              0
              ],
              "scale": 1
          },
{
              "name": "DZ\\plants\\clutter\\c_elytrigiadirt.p3d",
              "pos": [
              11188.326172,
              257.842942,
              5434.0180660000005
            ],
              "ypr": [
              0,
              0,
              0
              ],
              "scale": 1
          },
{
              "name": "DZ\\plants\\clutter\\c_elytrigiadirt.p3d",
              "pos": [
              11191.854491999999,
              257.33369500000003,
              5444.055176000001
            ],
              "ypr": [
              0,
              0,
              0
              ],
              "scale": 1
          },
{
              "name": "DZ\\plants\\clutter\\c_elytrigiadirt.p3d",
              "pos": [
              11200.915039,
              257.051743,
              5457.321777
            ],
              "ypr": [
              0,
              0,
              0
              ],
              "scale": 1
          },
{
              "name": "DZ\\plants\\clutter\\c_elytrigiadirt.p3d",
              "pos": [
              11210.728516,
              257.00084000000004,
              5476.036621
            ],
              "ypr": [
              0,
              0,
              0
              ],
              "scale": 1
          },
{
              "name": "DZ\\plants\\clutter\\c_elytrigiatall.p3d",
              "pos": [
              11216.274414,
              256.58674599999995,
              5475.962402
            ],
              "ypr": [
              0,
              0,
              0
              ],
              "scale": 1
          },
{
              "name": "DZ\\plants\\clutter\\c_elytrigiatall.p3d",
              "pos": [
              11236.667969,
              255.670578,
              5491.344727
            ],
              "ypr": [
              0,
              0,
              0
              ],
              "scale": 1
          },
{
              "name": "DZ\\plants\\clutter\\c_elytrigiatall.p3d",
              "pos": [
              11246.894531,
              255.221039,
              5493.622559
            ],
              "ypr": [
              0,
              0,
              0
              ],
              "scale": 1
          },
{
              "name": "DZ\\plants\\clutter\\c_elytrigiadirt.p3d",
              "pos": [
              11246.416016,
              255.213913,
              5492.448731
            ],
              "ypr": [
              0,
              0,
              0
              ],
              "scale": 1
          },
{
              "name": "DZ\\plants\\clutter\\c_elytrigiadirt.p3d",
              "pos": [
              11255.115233999999,
              254.915223,
              5491.028809
            ],
              "ypr": [
              0,
              0,
              0
              ],
              "scale": 1
          },
{
              "name": "DZ\\plants\\clutter\\c_elytrigiadirt.p3d",
              "pos": [
              11259.860351,
              254.799332,
              5491.314453000001
            ],
              "ypr": [
              0,
              0,
              0
              ],
              "scale": 1
          },
{
              "name": "DZ\\plants\\clutter\\c_elytrigiadirt.p3d",
              "pos": [
              11273.718749999998,
              254.45812999999998,
              5494.235352000001
            ],
              "ypr": [
              0,
              0,
              0
              ],
              "scale": 1
          },
{
              "name": "DZ\\plants\\clutter\\c_elytrigiatall.p3d",
              "pos": [
              11276.350586,
              254.51416,
              5496.253906
            ],
              "ypr": [
              0,
              0,
              0
              ],
              "scale": 1
          },
{
              "name": "DZ\\plants\\clutter\\c_elytrigiatall.p3d",
              "pos": [
              11274.597656,
              254.52166699999998,
              5496.705078
            ],
              "ypr": [
              0,
              0,
              0
              ],
              "scale": 1
          },
{
              "name": "DZ\\plants\\clutter\\c_elytrigiatall.p3d",
              "pos": [
              11286.676758,
              254.48075799999998,
              5498.969238
            ],
              "ypr": [
              0,
              0,
              0
              ],
              "scale": 1
          },
{
              "name": "DZ\\plants\\clutter\\c_elytrigiatall.p3d",
              "pos": [
              11300.719727,
              254.380615,
              5507.222656
            ],
              "ypr": [
              0,
              0,
              0
              ],
              "scale": 1
          },
{
              "name": "DZ\\plants\\clutter\\c_elytrigiadirt.p3d",
              "pos": [
              11302.506835999999,
              254.36274799999998,
              5504.261231
            ],
              "ypr": [
              0,
              0,
              0
              ],
              "scale": 1
          },
{
              "name": "DZ\\plants\\clutter\\c_elytrigiadirt.p3d",
              "pos": [
              11309.120116999999,
              254.23774799999998,
              5510.845703000001
            ],
              "ypr": [
              0,
              0,
              0
              ],
              "scale": 1
          }
	]
}