{
    "Objects": [
        {
            "name": "Land_Underground_Stairs_Exit",
            "pos": [
                11342.400390625,
                112.7699966430664,
                14715.0
            ],
            "ypr": [
                69.7426986694336,
                0.0,
                0.0
            ],
            "scale": 0.0
        },
        {
            "name": "Land_Underground_Stairs_Block",
            "pos": [
                11341.900390625,
                102.87000274658203,
                14716.400390625
            ],
            "ypr": [
                69.69999694824219,
                0.0,
                0.0
            ],
            "scale": 0.0
        },
        {
            "name": "Land_Underground_Panel_Lever",
            "pos": [
                11344.2998046875,
                114.80400085449219,
                14712.599609375
            ],
            "ypr": [
                -110.5,
                0.0,
                0.0
            ],
            "scale": 0.0
        },
        {
            "name": "Land_Underground_Stairs_Block_Corridor",
            "pos": [
                11341.900390625,
                97.81999969482422,
                14716.400390625
            ],
            "ypr": [
                69.55359649658203,
                0.0,
                0.0
            ],
            "scale": 0.0
        },
        {
            "name": "Land_Underground_Stairs_Block_Terminator",
            "pos": [
                11330.400390625,
                97.8499984741211,
                14712.2001953125
            ],
            "ypr": [
                -110.59300231933594,
                0.0,
                0.0
            ],
            "scale": 0.0
        },
        {
            "name": "StaticObj_Platform1_Block",
            "pos": [
                11339.900390625,
                94.84600067138672,
                14717.7998046875
            ],
            "ypr": [
                -18.0,
                0.0,
                0.0
            ],
            "scale": 0.0
        },
        {
            "name": "StaticObj_Platform1_Block",
            "pos": [
                11330.5,
                94.84369659423828,
                14714.7001953125
            ],
            "ypr": [
                -18.0,
                0.0,
                0.0
            ],
            "scale": 0.0
        },
        {
            "name": "StaticObj_Tank_Small_Rusty",
            "pos": [
                11340.900390625,
                99.54090118408203,
                14721.7998046875
            ],
            "ypr": [
                161.8189697265625,
                0.0,
                0.0
            ],
            "scale": 0.0
        },
        {
            "name": "StaticObj_Tank_Small_White",
            "pos": [
                11334.900390625,
                99.64900207519531,
                14719.7998046875
            ],
            "ypr": [
                161.53700256347657,
                0.0,
                0.0
            ],
            "scale": 0.0
        },
        {
            "name": "StaticObj_Tank_Small_Rusty",
            "pos": [
                11328.900390625,
                99.60310363769531,
                14717.7998046875
            ],
            "ypr": [
                162.81900024414063,
                0.0,
                0.0
            ],
            "scale": 0.0
        },
        {
            "name": "StaticObj_Pipe_Small_Ground1",
            "pos": [
                11335.0,
                99.0553970336914,
                14711.2998046875
            ],
            "ypr": [
                -106.5,
                0.0,
                0.0
            ],
            "scale": 0.0
        },
        {
            "name": "StaticObj_Road_Sidewalk4_4m",
            "pos": [
                11333.400390625,
                102.81199645996094,
                14714.0
            ],
            "ypr": [
                -19.693700790405275,
                0.0,
                0.0
            ],
            "scale": 0.0
        },
        {
            "name": "StaticObj_Road_Sidewalk4_4m",
            "pos": [
                11329.599609375,
                102.8010025024414,
                14712.599609375
            ],
            "ypr": [
                -19.693700790405275,
                0.0,
                0.0
            ],
            "scale": 0.0
        },
        {
            "name": "StaticObj_Misc_Transformer",
            "pos": [
                11332.7001953125,
                103.9489974975586,
                14713.2001953125
            ],
            "ypr": [
                71.49749755859375,
                0.0,
                0.0
            ],
            "scale": 0.0
        },
        {
            "name": "StaticObj_Transmitter_Small1",
            "pos": [
                11328.7998046875,
                121.29000091552735,
                14711.7001953125
            ],
            "ypr": [
                -17.50659942626953,
                0.0,
                0.0
            ],
            "scale": 0.0
        },
        {
            "name": "StaticObj_Pipe_Small_20m",
            "pos": [
                11346.5,
                103.9209976196289,
                14715.900390625
            ],
            "ypr": [
                -108.99999237060547,
                90.0,
                0.5000194311141968
            ],
            "scale": 0.0
        },
        {
            "name": "StaticObj_Pipe_Small_20m",
            "pos": [
                11345.7001953125,
                104.09400177001953,
                14718.099609375
            ],
            "ypr": [
                71.0,
                90.0,
                -179.49998474121095
            ],
            "scale": 0.0
        },
        {
            "name": "StaticObj_Pipe_Small_Broken",
            "pos": [
                11338.599609375,
                109.69100189208985,
                14713.7001953125
            ],
            "ypr": [
                72.00001525878906,
                89.97201538085938,
                -0.000005008955668017734
            ],
            "scale": 0.0
        },
        {
            "name": "Land_Underground_Panel",
            "pos": [
                11343.7998046875,
                114.91200256347656,
                14711.900390625
            ],
            "ypr": [
                69.99999237060547,
                0.0,
                0.0
            ],
            "scale": 0.0
        },
        {
            "name": "Land_Radio_PanelPAS",
            "pos": [
                11331.7998046875,
                98.3125991821289,
                14715.599609375
            ],
            "ypr": [
                -112.05799865722656,
                0.0,
                0.0
            ],
            "scale": 0.0
        },
        {
            "name": "StaticObj_Furniture_hospital_transport_bed",
            "pos": [
                11338.2998046875,
                98.28970336914063,
                14712.599609375
            ],
            "ypr": [
                -118.8019790649414,
                0.0,
                0.0
            ],
            "scale": 0.0
        },
        {
            "name": "StaticObj_Furniture_hospital_transport_bed",
            "pos": [
                11337.900390625,
                98.27140045166016,
                14713.5
            ],
            "ypr": [
                -111.23400115966797,
                0.0,
                0.0
            ],
            "scale": 0.0
        },
        {
            "name": "StaticObj_Furniture_patient_monitor",
            "pos": [
                11337.7001953125,
                98.31590270996094,
                14712.7998046875
            ],
            "ypr": [
                -34.882301330566409,
                0.0,
                0.0
            ],
            "scale": 0.0
        },
        {
            "name": "StaticObj_Furniture_foldingbed_matress",
            "pos": [
                11339.599609375,
                102.99600219726563,
                14716.099609375
            ],
            "ypr": [
                0.0,
                0.0,
                0.0
            ],
            "scale": 0.0
        },
        {
            "name": "StaticObj_Furniture_foldingbed_matress",
            "pos": [
                11340.5,
                104.23400115966797,
                14713.2998046875
            ],
            "ypr": [
                -179.99996948242188,
                83.99996948242188,
                -179.99996948242188
            ],
            "scale": 0.0
        },
        {
            "name": "StaticObj_Furniture_foldingbed_matress",
            "pos": [
                11345.2001953125,
                101.7969970703125,
                14715.099609375
            ],
            "ypr": [
                140.49996948242188,
                83.99996948242188,
                -179.99996948242188
            ],
            "scale": 0.0
        },
        {
            "name": "StaticObj_Furniture_prison_toilet",
            "pos": [
                11345.1826171875,
                98.58110046386719,
                14714.7236328125
            ],
            "ypr": [
                -21.80229949951172,
                0.0,
                0.0
            ],
            "scale": 0.0
        },
        {
            "name": "StaticObj_Furniture_matress_white",
            "pos": [
                11344.7001953125,
                98.2042007446289,
                14716.0
            ],
            "ypr": [
                0.0,
                0.0,
                0.0
            ],
            "scale": 0.0
        },
        {
            "name": "StaticObj_Furniture_matress_white_bent",
            "pos": [
                11344.400390625,
                98.57980346679688,
                14718.0
            ],
            "ypr": [
                -23.499996185302736,
                -0.49999991059303286,
                -79.99998474121094
            ],
            "scale": 0.0
        },
        {
            "name": "StaticObj_Furniture_matress_white",
            "pos": [
                11344.2998046875,
                100.85099792480469,
                14717.0
            ],
            "ypr": [
                0.0,
                0.0,
                0.0
            ],
            "scale": 0.0
        },
        {
            "name": "StaticObj_Misc_Gunrack",
            "pos": [
                11339.599609375,
                113.71700286865235,
                14712.599609375
            ],
            "ypr": [
                -8.246757507324219,
                0.0,
                0.0
            ],
            "scale": 0.0
        },
        {
            "name": "StaticObj_Misc_Gunrack",
            "pos": [
                11339.2001953125,
                113.71499633789063,
                14713.7001953125
            ],
            "ypr": [
                -48.80809783935547,
                0.0,
                0.0
            ],
            "scale": 0.0
        },
        {
            "name": "StaticObj_Furniture_foldingbed_matress",
            "pos": [
                11342.7998046875,
                113.08100128173828,
                14712.7998046875
            ],
            "ypr": [
                -117.59400939941406,
                0.0,
                0.0
            ],
            "scale": 0.0
        },
        {
            "name": "StaticObj_Furniture_radar_rack",
            "pos": [
                11346.0,
                113.29000091552735,
                14713.900390625
            ],
            "ypr": [
                71.51490020751953,
                0.0,
                0.0
            ],
            "scale": 0.0
        },
        {
            "name": "StaticObj_Furniture_radar_rack",
            "pos": [
                11332.7001953125,
                98.23269653320313,
                14715.7001953125
            ],
            "ypr": [
                -22.3290958404541,
                0.0,
                0.0
            ],
            "scale": 0.0
        },
        {
            "name": "Land_Misc_Well_Pump_Yellow",
            "pos": [
                11344.7001953125,
                98.41210174560547,
                14714.599609375
            ],
            "ypr": [
                -106.99999237060547,
                0.0,
                0.0
            ],
            "scale": 0.0
        },
        {
            "name": "StaticObj_Garbage_Bin",
            "pos": [
                11341.2998046875,
                113.91899871826172,
                14711.7998046875
            ],
            "ypr": [
                0.0,
                0.0,
                0.0
            ],
            "scale": 0.0
        },
        {
            "name": "Land_Roadblock_WoodenCrate",
            "pos": [
                11345.2998046875,
                111.5989990234375,
                14714.900390625
            ],
            "ypr": [
                -0.000005008955668017734,
                90.0,
                -0.000005008955668017734
            ],
            "scale": 0.0
        },
        {
            "name": "Barrel_Red",
            "pos": [
                11338.900390625,
                108.35399627685547,
                14716.7001953125
            ],
            "ypr": [
                0.0,
                0.0,
                0.0
            ],
            "scale": 0.0
        },
        {
            "name": "StaticObj_Furniture_box_c",
            "pos": [
                11340.400390625,
                108.64900207519531,
                14713.099609375
            ],
            "ypr": [
                0.0,
                0.0,
                0.0
            ],
            "scale": 0.0
        },
        {
            "name": "StaticObj_Furniture_box_c",
            "pos": [
                11340.400390625,
                109.2490005493164,
                14713.2001953125
            ],
            "ypr": [
                18.0,
                0.0,
                0.0
            ],
            "scale": 0.0
        },
        {
            "name": "StaticObj_Furniture_box_c",
            "pos": [
                11344.099609375,
                111.36100006103516,
                14718.400390625
            ],
            "ypr": [
                0.0,
                0.0,
                90.0
            ],
            "scale": 0.0
        },
        {
            "name": "StaticObj_ammoboxes_single",
            "pos": [
                11345.099609375,
                106.35600280761719,
                14714.900390625
            ],
            "ypr": [
                0.0,
                0.0,
                -90.0
            ],
            "scale": 0.0
        },
        {
            "name": "StaticObj_Furniture_box_c",
            "pos": [
                11344.0,
                106.18099975585938,
                14718.5
            ],
            "ypr": [
                0.0,
                0.0,
                0.0
            ],
            "scale": 0.0
        },
        {
            "name": "StaticObj_ammoboxes_single",
            "pos": [
                11344.099609375,
                101.22200012207031,
                14717.900390625
            ],
            "ypr": [
                58.000022888183597,
                89.98020935058594,
                -0.000005008955668017734
            ],
            "scale": 0.0
        },
        {
            "name": "StaticObj_ammoboxes_stacked",
            "pos": [
                11334.2001953125,
                99.09729766845703,
                14715.7998046875
            ],
            "ypr": [
                69.64449310302735,
                0.0,
                0.0
            ],
            "scale": 0.0
        },
        {
            "name": "Land_Roadblock_Table",
            "pos": [
                11332.2001953125,
                98.64559936523438,
                14713.7998046875
            ],
            "ypr": [
                75.53469848632813,
                0.0,
                0.0
            ],
            "scale": 0.0
        },
        {
            "name": "StaticObj_Furniture_conference_table_a",
            "pos": [
                11327.2001953125,
                98.5875015258789,
                14713.7001953125
            ],
            "ypr": [
                162.3499755859375,
                0.0,
                0.0
            ],
            "scale": 0.0
        },
        {
            "name": "StaticObj_Furniture_pc",
            "pos": [
                11327.099609375,
                98.94200134277344,
                14713.7001953125
            ],
            "ypr": [
                -115.57699584960938,
                0.0,
                0.0
            ],
            "scale": 0.0
        },
        {
            "name": "StaticObj_Furniture_phonebox",
            "pos": [
                11334.099609375,
                98.46089935302735,
                14712.2001953125
            ],
            "ypr": [
                159.552001953125,
                0.0,
                0.0
            ],
            "scale": 0.0
        },
        {
            "name": "StaticObj_Furniture_locker_closed_blue_v1",
            "pos": [
                11328.099609375,
                98.25289916992188,
                14709.7998046875
            ],
            "ypr": [
                -107.08100128173828,
                0.0,
                0.0
            ],
            "scale": 0.0
        },
        {
            "name": "StaticObj_Furniture_locker_open_blue_v2",
            "pos": [
                11328.0,
                98.2345962524414,
                14710.2998046875
            ],
            "ypr": [
                -106.22998809814453,
                0.0,
                0.0
            ],
            "scale": 0.0
        },
        {
            "name": "FireExtinguisher",
            "pos": [
                11328.099609375,
                98.32029724121094,
                14710.7998046875
            ],
            "ypr": [
                0.0,
                0.0,
                0.0
            ],
            "scale": 0.0
        },
        {
            "name": "FireExtinguisher",
            "pos": [
                11339.900390625,
                98.37159729003906,
                14712.7001953125
            ],
            "ypr": [
                0.0,
                0.0,
                0.0
            ],
            "scale": 0.0
        },
        {
            "name": "FireExtinguisher",
            "pos": [
                11344.2998046875,
                113.44400024414063,
                14712.7998046875
            ],
            "ypr": [
                0.0,
                0.0,
                0.0
            ],
            "scale": 0.0
        },
        {
            "name": "StaticObj_Furniture_matress_white_bent",
            "pos": [
                11330.400390625,
                98.40239715576172,
                14711.099609375
            ],
            "ypr": [
                83.05458068847656,
                0.0,
                0.0
            ],
            "scale": 0.0
        },
        {
            "name": "StaticObj_Garbage_Bin",
            "pos": [
                11337.900390625,
                98.84130096435547,
                14716.099609375
            ],
            "ypr": [
                0.0,
                0.0,
                0.0
            ],
            "scale": 0.0
        },
        {
            "name": "StaticObj_Furniture_bucket",
            "pos": [
                11339.5,
                98.30470275878906,
                14712.7998046875
            ],
            "ypr": [
                0.0,
                0.0,
                0.0
            ],
            "scale": 0.0
        },
        {
            "name": "StaticObj_Furniture_bucket",
            "pos": [
                11339.2998046875,
                98.29389953613281,
                14713.099609375
            ],
            "ypr": [
                0.0,
                0.0,
                0.0
            ],
            "scale": 0.0
        },
        {
            "name": "BaseRadio",
            "pos": [
                11332.2001953125,
                99.12073516845703,
                14714.2001953125
            ],
            "ypr": [
                -0.000049632551963441077,
                -90.0,
                -0.000049632551963441077
            ],
            "scale": 0.0
        },
        {
            "name": "PersonalRadio",
            "pos": [
                11332.2001953125,
                99.04070281982422,
                14713.900390625
            ],
            "ypr": [
                -0.000005008955668017734,
                -90.0,
                -0.000005008955668017734
            ],
            "scale": 0.0
        },
        {
            "name": "GPSReceiver",
            "pos": [
                11332.400390625,
                99.09960174560547,
                14713.599609375
            ],
            "ypr": [
                -0.000005008955668017734,
                90.0,
                -0.000005008955668017734
            ],
            "scale": 0.0
        },
        {
            "name": "Battery9V",
            "pos": [
                11332.1552734375,
                99.03739929199219,
                14713.6025390625
            ],
            "ypr": [
                0.0,
                -0.0,
                -0.0
            ],
            "scale": 0.0
        },
        {
            "name": "Battery9V",
            "pos": [
                11332.408203125,
                99.03802490234375,
                14713.970703125
            ],
            "ypr": [
                0.0,
                -0.0,
                -0.0
            ],
            "scale": 0.0
        },
        {
            "name": "OrienteeringCompass",
            "pos": [
                11332.5009765625,
                99.00698852539063,
                14713.0986328125
            ],
            "ypr": [
                0.0,
                -0.0,
                -0.0
            ],
            "scale": 0.0
        },
        {
            "name": "ChernarusMap",
            "pos": [
                11332.099609375,
                99.04952239990235,
                14713.099609375
            ],
            "ypr": [
                -0.000005008955668017734,
                -90.0,
                -0.000005008955668017734
            ],
            "scale": 0.0
        },
        {
            "name": "AssaultBag_Ttsko",
            "pos": [
                11329.5,
                98.30812072753906,
                14714.2001953125
            ],
            "ypr": [
                -0.000005008955668017734,
                -90.0,
                -0.000005008955668017734
            ],
            "scale": 0.0
        },
        {
            "name": "Deagle_Gold",
            "pos": [
                11327.8701171875,
                98.9546127319336,
                14713.7001953125
            ],
            "ypr": [
                -0.000049632551963441077,
                -90.0,
                -0.000049632551963441077
            ],
            "scale": 0.0
        },
        {
            "name": "Mag_Deagle_9rnd",
            "pos": [
                11327.5,
                98.94971466064453,
                14714.0
            ],
            "ypr": [
                -0.000005008955668017734,
                -90.0,
                -0.000005008955668017734
            ],
            "scale": 0.0
        },
        {
            "name": "M16A2",
            "pos": [
                11327.900390625,
                98.72380065917969,
                14710.2998046875
            ],
            "ypr": [
                0.0,
                0.0,
                90.0
            ],
            "scale": 0.0
        },
        {
            "name": "Mag_STANAGCoupled_30Rnd",
            "pos": [
                11328.099609375,
                99.87460327148438,
                14710.2998046875
            ],
            "ypr": [
                -0.000005008955668017734,
                90.0,
                -0.000005008955668017734
            ],
            "scale": 0.0
        },
        {
            "name": "TetracyclineAntibiotics",
            "pos": [
                11338.599609375,
                99.0687026977539,
                14712.900390625
            ],
            "ypr": [
                -0.00010427406232338399,
                -90.0,
                -0.00010427406232338399
            ],
            "scale": 0.0
        },
        {
            "name": "SurgicalGloves_Blue",
            "pos": [
                11337.58984375,
                98.31283569335938,
                14713.7646484375
            ],
            "ypr": [
                0.0,
                -0.0,
                -0.0
            ],
            "scale": 0.0
        },
        {
            "name": "SurgicalMask",
            "pos": [
                11338.8408203125,
                98.30255126953125,
                14713.5810546875
            ],
            "ypr": [
                0.0,
                -0.0,
                -0.0
            ],
            "scale": 0.0
        },
        {
            "name": "FirstAidKit",
            "pos": [
                11338.0,
                99.0696029663086,
                14713.7001953125
            ],
            "ypr": [
                179.99998474121095,
                -90.0,
                179.99998474121095
            ],
            "scale": 0.0
        },
        {
            "name": "HuntingBag_Hannah",
            "pos": [
                11343.2001953125,
                98.3040771484375,
                14714.599609375
            ],
            "ypr": [
                0.0,
                -89.49992370605469,
                0.0
            ],
            "scale": 0.0
        },
        {
            "name": "Thermometer",
            "pos": [
                11345.2001953125,
                98.30000305175781,
                14714.7998046875
            ],
            "ypr": [
                0.0,
                0.0,
                0.0
            ],
            "scale": 0.0
        },
        {
            "name": "PlateCarrierVest_Camo",
            "pos": [
                11343.900390625,
                98.2280044555664,
                14714.900390625
            ],
            "ypr": [
                0.0,
                0.0,
                0.0
            ],
            "scale": 0.0
        },
        {
            "name": "FAL",
            "pos": [
                11334.2001953125,
                99.86569213867188,
                14715.8525390625
            ],
            "ypr": [
                179.99989318847657,
                90.0,
                179.99989318847657
            ],
            "scale": 0.0
        },
        {
            "name": "Mag_FAL_20Rnd",
            "pos": [
                11334.400390625,
                99.89569854736328,
                14715.400390625
            ],
            "ypr": [
                -179.99989318847657,
                90.0,
                -179.99989318847657
            ],
            "scale": 0.0
        },
        {
            "name": "Mag_FAL_20Rnd",
            "pos": [
                11334.599609375,
                99.85810089111328,
                14715.099609375
            ],
            "ypr": [
                179.99998474121095,
                90.0,
                179.99998474121095
            ],
            "scale": 0.0
        },
        {
            "name": "Fal_OeBttstck",
            "pos": [
                11333.7001953125,
                99.86857604980469,
                14715.2998046875
            ],
            "ypr": [
                -0.000049632551963441077,
                90.0,
                -0.000049632551963441077
            ],
            "scale": 0.0
        },
        {
            "name": "AmmoBox_308WinTracer_20Rnd",
            "pos": [
                11333.900390625,
                99.84474182128906,
                14714.8876953125
            ],
            "ypr": [
                -0.000049632551963441077,
                90.0,
                -0.000049632551963441077
            ],
            "scale": 0.0
        },
        {
            "name": "ACOGOptic_6x",
            "pos": [
                11334.7998046875,
                99.88115692138672,
                14715.3466796875
            ],
            "ypr": [
                -0.000005008955668017734,
                90.0,
                -0.000005008955668017734
            ],
            "scale": 0.0
        },
        {
            "name": "StaticObj_Furniture_bucket",
            "pos": [
                11345.5986328125,
                98.23712921142578,
                14714.845703125
            ],
            "ypr": [
                0.0,
                -0.0,
                -0.0
            ],
            "scale": 0.0
        },
        {
            "name": "Paper",
            "pos": [
                11344.6640625,
                98.2435302734375,
                14714.771484375
            ],
            "ypr": [
                -0.000049632551963441077,
                90.0,
                -0.000049632551963441077
            ],
            "scale": 0.0
        },
        {
            "name": "AirborneMask",
            "pos": [
                11337.9970703125,
                114.92112731933594,
                14715.7685546875
            ],
            "ypr": [
                0.0,
                -0.0,
                -0.0
            ],
            "scale": 0.0
        },
        {
            "name": "GasMask_Filter",
            "pos": [
                11337.73046875,
                114.93843841552735,
                14716.1962890625
            ],
            "ypr": [
                0.0,
                -0.0,
                -0.0
            ],
            "scale": 0.0
        },
        {
            "name": "NBCJacketYellow",
            "pos": [
                11337.77734375,
                114.56258392333985,
                14716.142578125
            ],
            "ypr": [
                0.0,
                -0.0,
                -0.0
            ],
            "scale": 0.0
        },
        {
            "name": "NBCBootsYellow",
            "pos": [
                11337.7265625,
                113.90939331054688,
                14716.0791015625
            ],
            "ypr": [
                0.0,
                -0.0,
                -0.0
            ],
            "scale": 0.0
        },
        {
            "name": "NBCPantsYellow",
            "pos": [
                11337.6123046875,
                114.94097900390625,
                14716.48046875
            ],
            "ypr": [
                0.0,
                -0.0,
                -0.0
            ],
            "scale": 0.0
        },
        {
            "name": "NBCGlovesYellow",
            "pos": [
                11337.8505859375,
                114.43339538574219,
                14716.4287109375
            ],
            "ypr": [
                0.0,
                -0.0,
                -0.0
            ],
            "scale": 0.0
        },
        {
            "name": "NBCHoodYellow",
            "pos": [
                11337.80859375,
                114.44367218017578,
                14715.7578125
            ],
            "ypr": [
                0.0,
                -0.0,
                -0.0
            ],
            "scale": 0.0
        },
        {
            "name": "AntiChemInjector",
            "pos": [
                11337.900390625,
                113.95246124267578,
                14716.400390625
            ],
            "ypr": [
                -0.000005008955668017734,
                90.0,
                -0.000005008955668017734
            ],
            "scale": 0.0
        },
        {
            "name": "StaticObj_water_pond_50x50m",
            "pos": [
                11342.7001953125,
                98.23500061035156,
                14716.7998046875
            ],
            "ypr": [
                -17.241500854492189,
                0.0,
                0.0
            ],
            "scale": 0.1
        },
        {
            "name": "StaticObj_Furniture_foldingbed_matress",
            "pos": [
                11343.298828125,
                97.86843872070313,
                14714.576171875
            ],
            "ypr": [
                75.92536926269531,
                -0.0,
                -0.0
            ],
            "scale": 0.0
        },
        {
            "name": "StaticObj_Furniture_foldingbed_matress",
            "pos": [
                11330.015625,
                97.8615951538086,
                14714.56640625
            ],
            "ypr": [
                -108.88499450683594,
                -0.0,
                -0.0
            ],
            "scale": 0.0
        }
    ]
}