{
    "Objects": [
        {
            "name": "Land_Tank_Big",
            "pos": [
                14312.6220703125,
                3.06146240234375,
                11677.6318359375
            ],
            "ypr": [
                0.0,
                0.0,
                -0.0
            ],
            "scale": 0.9999998211860657,
            "enableCEPersistency": 0
        },
        {
            "name": "Land_Tank_Big",
            "pos": [
                14312.6220703125,
                12.0611572265625,
                11677.6318359375
            ],
            "ypr": [
                0.0,
                0.0,
                -0.0
            ],
            "scale": 0.9999997615814209,
            "enableCEPersistency": 0
        },
        {
            "name": "Land_Tank_Big",
            "pos": [
                14312.6220703125,
                21.728424072265626,
                11677.6318359375
            ],
            "ypr": [
                0.0,
                0.0,
                -0.0
            ],
            "scale": 0.9999996423721314,
            "enableCEPersistency": 0
        },
        {
            "name": "Land_Tank_Big",
            "pos": [
                14396.2431640625,
                12.0611572265625,
                11726.515625
            ],
            "ypr": [
                0.0,
                0.0,
                -0.0
            ],
            "scale": 0.9999996423721314,
            "enableCEPersistency": 0
        },
        {
            "name": "Land_Tank_Big",
            "pos": [
                14396.2431640625,
                21.728424072265626,
                11726.515625
            ],
            "ypr": [
                0.0,
                0.0,
                -0.0
            ],
            "scale": 0.9999995827674866,
            "enableCEPersistency": 0
        },
        {
            "name": "Land_Tank_Big",
            "pos": [
                14396.2431640625,
                3.06146240234375,
                11726.515625
            ],
            "ypr": [
                0.0,
                0.0,
                -0.0
            ],
            "scale": 0.9999997615814209,
            "enableCEPersistency": 0
        },
        {
            "name": "StaticObj_Panel_Concrete_1",
            "pos": [
                14331.7548828125,
                25.9254150390625,
                11683.4375
            ],
            "ypr": [
                -121.40205383300781,
                0.0,
                -0.0
            ],
            "scale": 10.000011444091797,
            "enableCEPersistency": 0
        },
        {
            "name": "StaticObj_Panel_Concrete_1",
            "pos": [
                14347.0048828125,
                25.9254150390625,
                11658.6552734375
            ],
            "ypr": [
                -121.40205383300781,
                0.0,
                -0.0
            ],
            "scale": 10.000011444091797,
            "enableCEPersistency": 0
        },
        {
            "name": "Land_City_School",
            "pos": [
                14332.7626953125,
                33.4937744140625,
                11672.9482421875
            ],
            "ypr": [
                -30.45037841796875,
                0.0,
                -0.0
            ],
            "scale": 0.9999901056289673,
            "enableCEPersistency": 0
        },
        {
            "name": "StaticObj_Panel_Concrete_1",
            "pos": [
                14382.3603515625,
                25.9254150390625,
                11714.2509765625
            ],
            "ypr": [
                -121.40205383300781,
                0.0,
                -0.0
            ],
            "scale": 10.000011444091797,
            "enableCEPersistency": 0
        },
        {
            "name": "StaticObj_Panel_Concrete_1",
            "pos": [
                14397.6103515625,
                25.9478759765625,
                11689.46875
            ],
            "ypr": [
                -121.40204620361328,
                0.0,
                -0.0
            ],
            "scale": 10.000011444091797,
            "enableCEPersistency": 0
        },
        {
            "name": "StaticObj_Panel_Concrete_1",
            "pos": [
                14412.4853515625,
                25.9254150390625,
                11664.9677734375
            ],
            "ypr": [
                -121.40204620361328,
                0.0,
                -0.0
            ],
            "scale": 10.000011444091797,
            "enableCEPersistency": 0
        },
        {
            "name": "StaticObj_Panel_Concrete_1",
            "pos": [
                14427.5126953125,
                25.9254150390625,
                11640.775390625
            ],
            "ypr": [
                -121.40204620361328,
                0.0,
                -0.0
            ],
            "scale": 10.000011444091797,
            "enableCEPersistency": 0
        },
        {
            "name": "StaticObj_Panel_Concrete_1",
            "pos": [
                14361.6416015625,
                25.9254150390625,
                11634.8076171875
            ],
            "ypr": [
                -121.40204620361328,
                0.0,
                -0.0
            ],
            "scale": 10.000011444091797,
            "enableCEPersistency": 0
        },
        {
            "name": "StaticObj_Panel_Concrete_1",
            "pos": [
                14376.8916015625,
                25.9254150390625,
                11610.025390625
            ],
            "ypr": [
                -121.40204620361328,
                0.0,
                -0.0
            ],
            "scale": 10.000011444091797,
            "enableCEPersistency": 0
        },
        {
            "name": "StaticObj_Pipe_Big_18m_Ladder",
            "pos": [
                14453.5869140625,
                30.9957275390625,
                11649.9521484375
            ],
            "ypr": [
                148.9702606201172,
                0.0,
                -0.0
            ],
            "scale": 1.0,
            "enableCEPersistency": 0
        },
        {
            "name": "StaticObj_Pipe_Big_18m_Ladder",
            "pos": [
                14444.5517578125,
                30.9957275390625,
                11665.0703125
            ],
            "ypr": [
                148.9702606201172,
                0.0,
                -0.0
            ],
            "scale": 1.0,
            "enableCEPersistency": 0
        },
        {
            "name": "StaticObj_Pipe_Big_18m_Ladder",
            "pos": [
                14417.0595703125,
                31.0230712890625,
                11711.0478515625
            ],
            "ypr": [
                -31.13681983947754,
                0.0,
                -0.0
            ],
            "scale": 1.0000008344650269,
            "enableCEPersistency": 0
        },
        {
            "name": "StaticObj_Pipe_Big_18m_Ladder",
            "pos": [
                14407.9970703125,
                31.0230712890625,
                11726.150390625
            ],
            "ypr": [
                -31.13681983947754,
                0.0,
                -0.0
            ],
            "scale": 1.0000008344650269,
            "enableCEPersistency": 0
        },
        {
            "name": "StaticObj_Pipe_Big_18m_Ladder",
            "pos": [
                14435.4306640625,
                31.0230712890625,
                11680.7431640625
            ],
            "ypr": [
                -31.13681983947754,
                0.0,
                -0.0
            ],
            "scale": 1.0000007152557374,
            "enableCEPersistency": 0
        },
        {
            "name": "StaticObj_Pipe_Big_18m_Ladder",
            "pos": [
                14426.3681640625,
                31.0230712890625,
                11695.845703125
            ],
            "ypr": [
                -31.13681983947754,
                0.0,
                -0.0
            ],
            "scale": 1.0000007152557374,
            "enableCEPersistency": 0
        },
        {
            "name": "StaticObj_Pipe_Big_18m_Ladder",
            "pos": [
                14433.5205078125,
                30.9957275390625,
                11629.3583984375
            ],
            "ypr": [
                59.053462982177737,
                0.0,
                -0.0
            ],
            "scale": 0.9999854564666748,
            "enableCEPersistency": 0
        },
        {
            "name": "StaticObj_Pipe_Big_18m_Ladder",
            "pos": [
                14387.5009765625,
                31.0230712890625,
                11601.935546875
            ],
            "ypr": [
                -121.05437469482422,
                0.0,
                -0.0
            ],
            "scale": 0.9999871850013733,
            "enableCEPersistency": 0
        },
        {
            "name": "StaticObj_Pipe_Big_18m_Ladder",
            "pos": [
                14372.3876953125,
                31.0230712890625,
                11592.8984375
            ],
            "ypr": [
                -121.05437469482422,
                0.0,
                -0.0
            ],
            "scale": 0.9999871850013733,
            "enableCEPersistency": 0
        },
        {
            "name": "StaticObj_Pipe_Big_18m_Ladder",
            "pos": [
                14417.8330078125,
                31.0230712890625,
                11620.263671875
            ],
            "ypr": [
                -121.05437469482422,
                0.0,
                -0.0
            ],
            "scale": 1.0000017881393433,
            "enableCEPersistency": 0
        },
        {
            "name": "StaticObj_Pipe_Big_18m_Ladder",
            "pos": [
                14402.7236328125,
                31.0230712890625,
                11611.224609375
            ],
            "ypr": [
                -121.05437469482422,
                0.0,
                -0.0
            ],
            "scale": 0.9999871850013733,
            "enableCEPersistency": 0
        },
        {
            "name": "StaticObj_Pipe_Big_18m_Ladder",
            "pos": [
                14448.6455078125,
                30.9957275390625,
                11638.380859375
            ],
            "ypr": [
                59.053462982177737,
                0.0,
                -0.0
            ],
            "scale": 0.9999854564666748,
            "enableCEPersistency": 0
        },
        {
            "name": "StaticObj_Pipe_Med_BuildL",
            "pos": [
                14393.7001953125,
                30.1177978515625,
                11675.6005859375
            ],
            "ypr": [
                -119.95503997802735,
                0.0,
                -0.0
            ],
            "scale": 1.000002145767212,
            "enableCEPersistency": 0
        },
        {
            "name": "StaticObj_Misc_Pipes",
            "pos": [
                14390.4033203125,
                29.22113037109375,
                11615.8515625
            ],
            "ypr": [
                -24.016008377075197,
                0.0,
                -0.0
            ],
            "scale": 3.0000007152557375,
            "enableCEPersistency": 0
        },
        {
            "name": "StaticObj_Misc_Pipes",
            "pos": [
                14387.6142578125,
                29.22113037109375,
                11620.888671875
            ],
            "ypr": [
                -24.016008377075197,
                0.0,
                -0.0
            ],
            "scale": 3.000000238418579,
            "enableCEPersistency": 0
        },
        {
            "name": "StaticObj_Misc_Pipes",
            "pos": [
                14384.3408203125,
                29.22113037109375,
                11626.4423828125
            ],
            "ypr": [
                -24.016008377075197,
                0.0,
                -0.0
            ],
            "scale": 3.0,
            "enableCEPersistency": 0
        },
        {
            "name": "StaticObj_Misc_Pipes",
            "pos": [
                14416.9814453125,
                29.1549072265625,
                11665.4453125
            ],
            "ypr": [
                -24.016006469726564,
                0.0,
                -0.0
            ],
            "scale": 2.999999761581421,
            "enableCEPersistency": 0
        },
        {
            "name": "StaticObj_Misc_Pipes",
            "pos": [
                14419.8447265625,
                29.1549072265625,
                11660.271484375
            ],
            "ypr": [
                -24.01600456237793,
                0.0,
                -0.0
            ],
            "scale": 2.999999523162842,
            "enableCEPersistency": 0
        },
        {
            "name": "StaticObj_Misc_Pipes",
            "pos": [
                14423.0439453125,
                29.1549072265625,
                11654.4853515625
            ],
            "ypr": [
                -24.016002655029298,
                0.0,
                -0.0
            ],
            "scale": 2.9999992847442629,
            "enableCEPersistency": 0
        },
        {
            "name": "StaticObj_Pipe_Small_20m",
            "pos": [
                14369.6806640625,
                28.0552978515625,
                11677.3857421875
            ],
            "ypr": [
                -120.96963500976563,
                0.0,
                -0.0
            ],
            "scale": 0.9999992847442627,
            "enableCEPersistency": 0
        },
        {
            "name": "StaticObj_Pipe_Small_R90",
            "pos": [
                14380.2861328125,
                28.0806884765625,
                11682.4130859375
            ],
            "ypr": [
                59.7390251159668,
                0.0,
                -0.0
            ],
            "scale": 0.9999986290931702,
            "enableCEPersistency": 0
        },
        {
            "name": "StaticObj_Pipe_Small_Valve",
            "pos": [
                14384.0986328125,
                28.3267822265625,
                11679.33984375
            ],
            "ypr": [
                -30.27618408203125,
                0.0,
                -0.0
            ],
            "scale": 0.9999963045120239,
            "enableCEPersistency": 0
        },
        {
            "name": "StaticObj_Pipe_Med_Ground1",
            "pos": [
                14417.5634765625,
                28.3404541015625,
                11639.6572265625
            ],
            "ypr": [
                0.0,
                0.0,
                -0.0
            ],
            "scale": 0.9999998211860657,
            "enableCEPersistency": 0
        },
        {
            "name": "StaticObj_Pipe_Med_Ground2",
            "pos": [
                14339.7822265625,
                30.0592041015625,
                11617.03515625
            ],
            "ypr": [
                -29.73146629333496,
                0.0,
                -0.0
            ],
            "scale": 0.9999962449073792,
            "enableCEPersistency": 0
        },
        {
            "name": "StaticObj_Pipe_MedL_CornerL",
            "pos": [
                14406.4384765625,
                30.1968994140625,
                11657.990234375
            ],
            "ypr": [
                -30.54448890686035,
                0.0,
                -0.0
            ],
            "scale": 1.000003457069397,
            "enableCEPersistency": 0
        },
        {
            "name": "StaticObj_Pipe_Med_BuildR",
            "pos": [
                14416.3603515625,
                30.0279541015625,
                11637.5322265625
            ],
            "ypr": [
                0.0,
                0.0,
                -0.0
            ],
            "scale": 0.9999998211860657,
            "enableCEPersistency": 0
        },
        {
            "name": "StaticObj_Pipe_Med_9m",
            "pos": [
                14399.4931640625,
                30.1392822265625,
                11671.7802734375
            ],
            "ypr": [
                -119.95503997802735,
                0.0,
                -0.0
            ],
            "scale": 1.000002145767212,
            "enableCEPersistency": 0
        },
        {
            "name": "StaticObj_Pipe_Med_9m",
            "pos": [
                14403.7431640625,
                30.1676025390625,
                11664.365234375
            ],
            "ypr": [
                -119.95503997802735,
                0.0,
                -0.0
            ],
            "scale": 1.000002145767212,
            "enableCEPersistency": 0
        },
        {
            "name": "StaticObj_Pipe_Med_9m",
            "pos": [
                14401.6884765625,
                30.1676025390625,
                11653.4912109375
            ],
            "ypr": [
                -30.34306526184082,
                0.0,
                -0.0
            ],
            "scale": 1.0000041723251343,
            "enableCEPersistency": 0
        },
        {
            "name": "StaticObj_Pipe_Med_9m",
            "pos": [
                14394.3486328125,
                30.1676025390625,
                11649.16796875
            ],
            "ypr": [
                -30.343080520629884,
                0.0,
                -0.0
            ],
            "scale": 1.000004529953003,
            "enableCEPersistency": 0
        },
        {
            "name": "StaticObj_Pipe_Med_9m",
            "pos": [
                14387.1064453125,
                30.1676025390625,
                11644.9404296875
            ],
            "ypr": [
                -30.343082427978517,
                0.0,
                -0.0
            ],
            "scale": 1.0000040531158448,
            "enableCEPersistency": 0
        },
        {
            "name": "StaticObj_Tank_Medium",
            "pos": [
                14386.8095703125,
                28.1724853515625,
                11676.0
            ],
            "ypr": [
                148.8209686279297,
                0.0,
                -0.0
            ],
            "scale": 1.0,
            "enableCEPersistency": 0
        },
        {
            "name": "StaticObj_Tank_Medium",
            "pos": [
                14387.7548828125,
                28.1724853515625,
                11674.3212890625
            ],
            "ypr": [
                148.8209686279297,
                0.0,
                -0.0
            ],
            "scale": 1.0,
            "enableCEPersistency": 0
        },
        {
            "name": "StaticObj_Tank_Medium",
            "pos": [
                14388.6142578125,
                28.1724853515625,
                11672.7978515625
            ],
            "ypr": [
                148.7089385986328,
                0.0,
                -0.0
            ],
            "scale": 1.0000007152557374,
            "enableCEPersistency": 0
        },
        {
            "name": "StaticObj_Tank_Medium",
            "pos": [
                14386.8095703125,
                30.4830322265625,
                11676.0
            ],
            "ypr": [
                148.8209686279297,
                0.0,
                -0.0
            ],
            "scale": 1.0,
            "enableCEPersistency": 0
        },
        {
            "name": "StaticObj_Tank_Medium",
            "pos": [
                14387.7548828125,
                30.4830322265625,
                11674.3212890625
            ],
            "ypr": [
                148.8209686279297,
                0.0,
                -0.0
            ],
            "scale": 1.0,
            "enableCEPersistency": 0
        },
        {
            "name": "StaticObj_Tank_Medium",
            "pos": [
                14388.6142578125,
                30.4830322265625,
                11672.7978515625
            ],
            "ypr": [
                148.7089385986328,
                0.0,
                -0.0
            ],
            "scale": 1.0000005960464478,
            "enableCEPersistency": 0
        },
        {
            "name": "StaticObj_Pipe_Med_9m",
            "pos": [
                14379.7314453125,
                30.1676025390625,
                11640.583984375
            ],
            "ypr": [
                -30.34306526184082,
                0.0,
                -0.0
            ],
            "scale": 1.0000040531158448,
            "enableCEPersistency": 0
        },
        {
            "name": "StaticObj_Pipe_Med_9m",
            "pos": [
                14372.3916015625,
                30.1676025390625,
                11636.2607421875
            ],
            "ypr": [
                -30.343080520629884,
                0.0,
                -0.0
            ],
            "scale": 1.000004529953003,
            "enableCEPersistency": 0
        },
        {
            "name": "StaticObj_Pipe_Med_9m",
            "pos": [
                14365.1494140625,
                30.1676025390625,
                11632.033203125
            ],
            "ypr": [
                -30.343080520629884,
                0.0,
                -0.0
            ],
            "scale": 1.0000040531158448,
            "enableCEPersistency": 0
        },
        {
            "name": "StaticObj_Pipe_Med_9m",
            "pos": [
                14351.4423828125,
                30.1676025390625,
                11624.0107421875
            ],
            "ypr": [
                -30.343080520629884,
                0.0,
                -0.0
            ],
            "scale": 1.000004529953003,
            "enableCEPersistency": 0
        },
        {
            "name": "StaticObj_Pipe_Med_9m",
            "pos": [
                14344.2041015625,
                30.1676025390625,
                11619.783203125
            ],
            "ypr": [
                -30.343080520629884,
                0.0,
                -0.0
            ],
            "scale": 1.0000040531158448,
            "enableCEPersistency": 0
        },
        {
            "name": "StaticObj_Pipe_Med_9m",
            "pos": [
                14358.7861328125,
                30.1676025390625,
                11628.333984375
            ],
            "ypr": [
                -30.343063354492189,
                0.0,
                -0.0
            ],
            "scale": 1.0000040531158448,
            "enableCEPersistency": 0
        },
        {
            "name": "Land_DieselPowerPlant_Tank_Small",
            "pos": [
                14392.9853515625,
                31.9801025390625,
                11730.744140625
            ],
            "ypr": [
                0.0,
                0.0,
                -0.0
            ],
            "scale": 0.9999998807907105,
            "enableCEPersistency": 0
        },
        {
            "name": "Land_DieselPowerPlant_Tank_Small",
            "pos": [
                14386.3525390625,
                31.9801025390625,
                11726.4912109375
            ],
            "ypr": [
                0.0,
                0.0,
                -0.0
            ],
            "scale": 0.9999998211860657,
            "enableCEPersistency": 0
        },
        {
            "name": "Land_DieselPowerPlant_Tank_Small",
            "pos": [
                14379.8134765625,
                31.9801025390625,
                11721.8681640625
            ],
            "ypr": [
                0.0,
                0.0,
                -0.0
            ],
            "scale": 0.9999997615814209,
            "enableCEPersistency": 0
        },
        {
            "name": "Land_DieselPowerPlant_Tank_Small",
            "pos": [
                14373.2783203125,
                31.9801025390625,
                11717.2451171875
            ],
            "ypr": [
                0.0,
                0.0,
                -0.0
            ],
            "scale": 0.9999996423721314,
            "enableCEPersistency": 0
        },
        {
            "name": "Land_Tank_Big3",
            "pos": [
                14392.3916015625,
                27.1597900390625,
                11704.0712890625
            ],
            "ypr": [
                0.0,
                0.0,
                -0.0
            ],
            "scale": 0.9999998211860657,
            "enableCEPersistency": 0
        },
        {
            "name": "Land_Tank_Big2",
            "pos": [
                14427.0908203125,
                35.1793212890625,
                11652.1591796875
            ],
            "ypr": [
                49.72165298461914,
                0.0,
                -0.0
            ],
            "scale": 0.9999997615814209,
            "enableCEPersistency": 0
        },
        {
            "name": "StaticObj_Pipe_Big_18m_Ladder",
            "pos": [
                14367.1455078125,
                31.0230712890625,
                11589.73046875
            ],
            "ypr": [
                -121.05437469482422,
                0.0,
                -0.0
            ],
            "scale": 0.9999871253967285,
            "enableCEPersistency": 0
        },
        {
            "name": "StaticObj_Pipe_Big_18m_Ladder",
            "pos": [
                14362.6650390625,
                31.0230712890625,
                11595.9580078125
            ],
            "ypr": [
                148.48814392089845,
                0.0,
                -0.0
            ],
            "scale": 0.9999866485595703,
            "enableCEPersistency": 0
        },
        {
            "name": "StaticObj_Pipe_Big_18m_Ladder",
            "pos": [
                14353.4658203125,
                31.0230712890625,
                11611.38671875
            ],
            "ypr": [
                148.48814392089845,
                0.0,
                -0.0
            ],
            "scale": 0.9999866485595703,
            "enableCEPersistency": 0
        },
        {
            "name": "StaticObj_Pipe_Big_18m_Ladder",
            "pos": [
                14344.0712890625,
                31.0230712890625,
                11626.9111328125
            ],
            "ypr": [
                148.48814392089845,
                0.0,
                -0.0
            ],
            "scale": 0.9999866485595703,
            "enableCEPersistency": 0
        },
        {
            "name": "StaticObj_Pipe_Big_18m_Ladder",
            "pos": [
                14337.2783203125,
                31.0230712890625,
                11638.2919921875
            ],
            "ypr": [
                148.48814392089845,
                0.0,
                -0.0
            ],
            "scale": 0.9999866485595703,
            "enableCEPersistency": 0
        },
        {
            "name": "StaticObj_Pipe_Big_18m_Ladder",
            "pos": [
                14356.1220703125,
                31.0230712890625,
                11592.69140625
            ],
            "ypr": [
                148.48814392089845,
                0.0,
                -0.0
            ],
            "scale": 0.9999866485595703,
            "enableCEPersistency": 0
        },
        {
            "name": "StaticObj_Pipe_Big_18m_Ladder",
            "pos": [
                14346.9228515625,
                31.0230712890625,
                11608.1201171875
            ],
            "ypr": [
                148.48814392089845,
                0.0,
                -0.0
            ],
            "scale": 0.9999866485595703,
            "enableCEPersistency": 0
        },
        {
            "name": "StaticObj_Pipe_Big_18m_Ladder",
            "pos": [
                14337.5283203125,
                31.0230712890625,
                11623.64453125
            ],
            "ypr": [
                148.48814392089845,
                0.0,
                -0.0
            ],
            "scale": 0.9999866485595703,
            "enableCEPersistency": 0
        },
        {
            "name": "StaticObj_Pipe_Big_18m_Ladder",
            "pos": [
                14330.7353515625,
                31.0230712890625,
                11635.025390625
            ],
            "ypr": [
                148.48814392089845,
                0.0,
                -0.0
            ],
            "scale": 0.9999866485595703,
            "enableCEPersistency": 0
        },
        {
            "name": "StaticObj_Pipe_Big_18m_Ladder",
            "pos": [
                14354.0830078125,
                31.0513916015625,
                11657.5478515625
            ],
            "ypr": [
                -122.30647277832031,
                0.0,
                -0.0
            ],
            "scale": 0.9999898672103882,
            "enableCEPersistency": 0
        },
        {
            "name": "StaticObj_Pipe_Big_18m_Ladder",
            "pos": [
                14369.0048828125,
                31.0513916015625,
                11666.912109375
            ],
            "ypr": [
                -122.30647277832031,
                0.0,
                -0.0
            ],
            "scale": 0.9999898672103882,
            "enableCEPersistency": 0
        },
        {
            "name": "StaticObj_Pipe_Big_18m_Ladder",
            "pos": [
                14414.3525390625,
                31.0777587890625,
                11695.4208984375
            ],
            "ypr": [
                57.58549880981445,
                0.0,
                -0.0
            ],
            "scale": 0.9999901652336121,
            "enableCEPersistency": 0
        },
        {
            "name": "StaticObj_Pipe_Big_18m_Ladder",
            "pos": [
                14384.4658203125,
                31.0777587890625,
                11676.3818359375
            ],
            "ypr": [
                57.58552169799805,
                0.0,
                -0.0
            ],
            "scale": 0.9999988675117493,
            "enableCEPersistency": 0
        },
        {
            "name": "StaticObj_Pipe_Big_18m_Ladder",
            "pos": [
                14399.3642578125,
                31.0777587890625,
                11685.779296875
            ],
            "ypr": [
                57.58549880981445,
                0.0,
                -0.0
            ],
            "scale": 0.9999901652336121,
            "enableCEPersistency": 0
        },
        {
            "name": "StaticObj_Pipe_Big_18m_Ladder",
            "pos": [
                14339.0791015625,
                31.0777587890625,
                11647.7978515625
            ],
            "ypr": [
                57.58552169799805,
                0.0,
                -0.0
            ],
            "scale": 0.9999988079071045,
            "enableCEPersistency": 0
        },
        {
            "name": "Land_Tank_Medium_Stairs",
            "pos": [
                14327.9658203125,
                28.9840087890625,
                11635.7685546875
            ],
            "ypr": [
                57.75398635864258,
                0.0,
                -0.0
            ],
            "scale": 0.9999995231628418,
            "enableCEPersistency": 0
        },
        {
            "name": "Land_Tank_Medium_Stairs",
            "pos": [
                14332.7353515625,
                28.9840087890625,
                11628.26953125
            ],
            "ypr": [
                57.75397872924805,
                0.0,
                -0.0
            ],
            "scale": 0.9999994039535523,
            "enableCEPersistency": 0
        },
        {
            "name": "Land_Tank_Medium_Stairs",
            "pos": [
                14337.4033203125,
                28.9840087890625,
                11620.7822265625
            ],
            "ypr": [
                57.75397872924805,
                0.0,
                -0.0
            ],
            "scale": 0.9999993443489075,
            "enableCEPersistency": 0
        },
        {
            "name": "Land_Tank_Medium_Stairs",
            "pos": [
                14164.591796875,
                1.8688191175460816,
                11930.359375
            ],
            "ypr": [
                57.75397872924805,
                0.0,
                -0.0
            ],
            "scale": 0.9999994039535523,
            "enableCEPersistency": 0
        },
        {
            "name": "Land_Tank_Medium_Stairs",
            "pos": [
                14348.3291015625,
                28.9840087890625,
                11603.451171875
            ],
            "ypr": [
                57.75397872924805,
                0.0,
                -0.0
            ],
            "scale": 0.9999993443489075,
            "enableCEPersistency": 0
        },
        {
            "name": "Land_Tank_Medium_Stairs",
            "pos": [
                14352.9931640625,
                28.9840087890625,
                11595.9638671875
            ],
            "ypr": [
                57.75397872924805,
                0.0,
                -0.0
            ],
            "scale": 0.9999992847442627,
            "enableCEPersistency": 0
        },
        {
            "name": "Land_Pier_Crane2_Base",
            "pos": [
                14355.7666015625,
                35.1939697265625,
                11641.9453125
            ],
            "ypr": [
                -31.3764591217041,
                0.0,
                -0.0
            ],
            "scale": 0.9999969005584717,
            "enableCEPersistency": 0
        },
        {
            "name": "StaticObj_Pier_Crane_Rails",
            "pos": [
                14352.6962890625,
                27.2037353515625,
                11640.3125
            ],
            "ypr": [
                58.15817642211914,
                0.0,
                -0.0
            ],
            "scale": 1.0000019073486329,
            "enableCEPersistency": 0
        },
        {
            "name": "StaticObj_Pier_Crane_Rails",
            "pos": [
                14345.2236328125,
                27.2037353515625,
                11635.6533203125
            ],
            "ypr": [
                58.15818405151367,
                0.0,
                -0.0
            ],
            "scale": 1.0000017881393433,
            "enableCEPersistency": 0
        },
        {
            "name": "StaticObj_Pier_Crane_Rails",
            "pos": [
                14367.6806640625,
                27.2037353515625,
                11649.6396484375
            ],
            "ypr": [
                58.15816116333008,
                0.0,
                -0.0
            ],
            "scale": 1.0000016689300538,
            "enableCEPersistency": 0
        },
        {
            "name": "StaticObj_Pier_Crane_Rails",
            "pos": [
                14360.2080078125,
                27.2037353515625,
                11644.98046875
            ],
            "ypr": [
                58.1581916809082,
                0.0,
                -0.0
            ],
            "scale": 1.0000016689300538,
            "enableCEPersistency": 0
        },
        {
            "name": "StaticObj_Pier_Crane_Rails",
            "pos": [
                14382.6884765625,
                27.2037353515625,
                11658.970703125
            ],
            "ypr": [
                58.15816116333008,
                0.0,
                -0.0
            ],
            "scale": 1.0000015497207642,
            "enableCEPersistency": 0
        },
        {
            "name": "StaticObj_Pier_Crane_Rails",
            "pos": [
                14375.2197265625,
                27.2037353515625,
                11654.3115234375
            ],
            "ypr": [
                58.1581916809082,
                0.0,
                -0.0
            ],
            "scale": 1.0000015497207642,
            "enableCEPersistency": 0
        },
        {
            "name": "StaticObj_Pier_Crane_Rails",
            "pos": [
                14396.9072265625,
                27.2037353515625,
                11667.794921875
            ],
            "ypr": [
                58.15816116333008,
                0.0,
                -0.0
            ],
            "scale": 1.0000014305114747,
            "enableCEPersistency": 0
        },
        {
            "name": "StaticObj_Pier_Crane_Rails",
            "pos": [
                14389.4384765625,
                27.2037353515625,
                11663.1357421875
            ],
            "ypr": [
                58.1581916809082,
                0.0,
                -0.0
            ],
            "scale": 1.0000014305114747,
            "enableCEPersistency": 0
        },
        {
            "name": "Land_Pier_Crane2_Top",
            "pos": [
                14362.8017578125,
                53.51519775390625,
                11641.2412109375
            ],
            "ypr": [
                100.0965805053711,
                0.0,
                -0.0
            ],
            "scale": 1.000002384185791,
            "enableCEPersistency": 0
        },
        {
            "name": "Land_Construction_Crane",
            "pos": [
                14422.1572265625,
                45.65386962890625,
                11706.95703125
            ],
            "ypr": [
                -22.402996063232423,
                0.0,
                -0.0
            ],
            "scale": 1.0000004768371583,
            "enableCEPersistency": 0
        },
        {
            "name": "Land_Construction_Crane",
            "pos": [
                14422.3095703125,
                45.65386962890625,
                11619.029296875
            ],
            "ypr": [
                55.29057312011719,
                0.0,
                -0.0
            ],
            "scale": 1.0000039339065552,
            "enableCEPersistency": 0
        },
        {
            "name": "Land_Container_1Mo_DE",
            "pos": [
                14433.5869140625,
                37.0533447265625,
                11661.1259765625
            ],
            "ypr": [
                0.0,
                0.0,
                -0.0
            ],
            "scale": 0.9999998807907105,
            "enableCEPersistency": 0
        },
        {
            "name": "Land_Container_1Mo_DE",
            "pos": [
                14421.1298828125,
                37.0025634765625,
                11642.4384765625
            ],
            "ypr": [
                -59.306549072265628,
                0.0,
                -0.0
            ],
            "scale": 0.9999995231628418,
            "enableCEPersistency": 0
        },
        {
            "name": "StaticObj_Misc_SupplyBox1_DE",
            "pos": [
                14328.6220703125,
                27.9791259765625,
                11667.2841796875
            ],
            "ypr": [
                0.0,
                0.0,
                -0.0
            ],
            "scale": 0.9999998807907105,
            "enableCEPersistency": 0
        },
        {
            "name": "StaticObj_Misc_SupplyBox3_DE",
            "pos": [
                14328.1220703125,
                28.2418212890625,
                11669.728515625
            ],
            "ypr": [
                0.0,
                0.0,
                -0.0
            ],
            "scale": 0.9999998807907105,
            "enableCEPersistency": 0
        },
        {
            "name": "StaticObj_Misc_SupplyBox2_DE",
            "pos": [
                14325.7080078125,
                28.2418212890625,
                11666.7578125
            ],
            "ypr": [
                0.0,
                0.0,
                -0.0
            ],
            "scale": 0.9999998807907105,
            "enableCEPersistency": 0
        },
        {
            "name": "StaticObj_Roadblock_Wood_Long_DE",
            "pos": [
                14328.6572265625,
                27.9010009765625,
                11671.2783203125
            ],
            "ypr": [
                0.0,
                0.0,
                -0.0
            ],
            "scale": 0.9999998807907105,
            "enableCEPersistency": 0
        },
        {
            "name": "StaticObj_Roadblock_Wood_Long_DE",
            "pos": [
                14331.8876953125,
                27.9010009765625,
                11668.8505859375
            ],
            "ypr": [
                -113.82064056396485,
                0.0,
                -0.0
            ],
            "scale": 0.9999997615814209,
            "enableCEPersistency": 0
        },
        {
            "name": "StaticObj_Misc_SupplyBox1_DE",
            "pos": [
                14330.2705078125,
                27.9791259765625,
                11664.724609375
            ],
            "ypr": [
                -92.254638671875,
                0.0,
                -0.0
            ],
            "scale": 0.9999996423721314,
            "enableCEPersistency": 0
        },
        {
            "name": "StaticObj_Misc_SupplyBox3_DE",
            "pos": [
                14327.8486328125,
                28.2418212890625,
                11664.1298828125
            ],
            "ypr": [
                -92.254638671875,
                0.0,
                -0.0
            ],
            "scale": 0.9999996423721314,
            "enableCEPersistency": 0
        },
        {
            "name": "Land_Mil_Tent_Big1_1",
            "pos": [
                14321.7314453125,
                27.2291259765625,
                11678.0166015625
            ],
            "ypr": [
                -31.915925979614259,
                0.0,
                -0.0
            ],
            "scale": 0.9999979734420776,
            "enableCEPersistency": 0
        },
        {
            "name": "Land_Mil_Tent_Big1_1",
            "pos": [
                14332.3642578125,
                27.2535400390625,
                11684.677734375
            ],
            "ypr": [
                -31.915925979614259,
                0.0,
                -0.0
            ],
            "scale": 0.9999978542327881,
            "enableCEPersistency": 0
        },
        {
            "name": "Land_Mil_Tent_Big2_1",
            "pos": [
                14352.2431640625,
                29.3472900390625,
                11679.029296875
            ],
            "ypr": [
                148.57972717285157,
                0.0,
                -0.0
            ],
            "scale": 1.0,
            "enableCEPersistency": 0
        },
        {
            "name": "StaticObj_Roadblock_Wood_Small_DE",
            "pos": [
                14358.5126953125,
                27.9849853515625,
                11678.171875
            ],
            "ypr": [
                67.53203582763672,
                0.0,
                -0.0
            ],
            "scale": 1.0000009536743165,
            "enableCEPersistency": 0
        },
        {
            "name": "StaticObj_Roadblock_Wood_Small_DE",
            "pos": [
                14354.5322265625,
                27.9849853515625,
                11684.32421875
            ],
            "ypr": [
                51.13303756713867,
                0.0,
                -0.0
            ],
            "scale": 1.000001072883606,
            "enableCEPersistency": 0
        },
        {
            "name": "Land_Container_1Bo_DE",
            "pos": [
                14360.6962890625,
                28.4039306640625,
                11611.2470703125
            ],
            "ypr": [
                -37.27858352661133,
                0.0,
                -0.0
            ],
            "scale": 1.000001072883606,
            "enableCEPersistency": 0
        },
        {
            "name": "Land_Container_1Aoh_DE",
            "pos": [
                14362.8681640625,
                28.4000244140625,
                11612.994140625
            ],
            "ypr": [
                -37.27858352661133,
                0.0,
                -0.0
            ],
            "scale": 1.000001072883606,
            "enableCEPersistency": 0
        },
        {
            "name": "Land_Container_1Mo_DE",
            "pos": [
                14365.1689453125,
                28.3961181640625,
                11614.544921875
            ],
            "ypr": [
                -37.27858352661133,
                0.0,
                -0.0
            ],
            "scale": 1.000001072883606,
            "enableCEPersistency": 0
        },
        {
            "name": "Land_Container_1Moh_DE",
            "pos": [
                14367.3564453125,
                28.3931884765625,
                11616.2119140625
            ],
            "ypr": [
                -37.27858352661133,
                0.0,
                -0.0
            ],
            "scale": 1.000001072883606,
            "enableCEPersistency": 0
        },
        {
            "name": "Land_Container_1Bo_DE",
            "pos": [
                14369.6650390625,
                28.3931884765625,
                11617.744140625
            ],
            "ypr": [
                -37.27858352661133,
                0.0,
                -0.0
            ],
            "scale": 1.000001072883606,
            "enableCEPersistency": 0
        },
        {
            "name": "Land_Container_1Bo_DE",
            "pos": [
                14366.3251953125,
                28.4039306640625,
                11603.974609375
            ],
            "ypr": [
                -37.278587341308597,
                0.0,
                -0.0
            ],
            "scale": 1.0000009536743165,
            "enableCEPersistency": 0
        },
        {
            "name": "Land_Container_1Aoh_DE",
            "pos": [
                14368.5009765625,
                28.4000244140625,
                11605.716796875
            ],
            "ypr": [
                -37.278587341308597,
                0.0,
                -0.0
            ],
            "scale": 1.0000009536743165,
            "enableCEPersistency": 0
        },
        {
            "name": "Land_Container_1Mo_DE",
            "pos": [
                14370.8017578125,
                28.3961181640625,
                11607.2685546875
            ],
            "ypr": [
                -37.278587341308597,
                0.0,
                -0.0
            ],
            "scale": 1.0000009536743165,
            "enableCEPersistency": 0
        },
        {
            "name": "Land_Container_1Moh_DE",
            "pos": [
                14372.9892578125,
                28.3931884765625,
                11608.935546875
            ],
            "ypr": [
                -37.278587341308597,
                0.0,
                -0.0
            ],
            "scale": 1.0000009536743165,
            "enableCEPersistency": 0
        },
        {
            "name": "Land_Container_1Bo_DE",
            "pos": [
                14375.2978515625,
                28.3931884765625,
                11610.4658203125
            ],
            "ypr": [
                -37.278587341308597,
                0.0,
                -0.0
            ],
            "scale": 1.0000009536743165,
            "enableCEPersistency": 0
        },
        {
            "name": "Land_Mil_Tent_Big3",
            "pos": [
                14420.4619140625,
                28.3228759765625,
                11686.4794921875
            ],
            "ypr": [
                -122.86896514892578,
                0.0,
                -0.0
            ],
            "scale": 0.9999994039535523,
            "enableCEPersistency": 0
        },
        {
            "name": "Land_Mil_Tent_Big2_4",
            "pos": [
                14410.3525390625,
                29.3433837890625,
                11680.029296875
            ],
            "ypr": [
                -124.10884857177735,
                0.0,
                -0.0
            ],
            "scale": 0.9999978542327881,
            "enableCEPersistency": 0
        },
        {
            "name": "Land_Mil_Tent_Big2_4",
            "pos": [
                14402.6923828125,
                29.3433837890625,
                11675.0537109375
            ],
            "ypr": [
                -124.10884857177735,
                0.0,
                -0.0
            ],
            "scale": 0.9999977350234985,
            "enableCEPersistency": 0
        },
        {
            "name": "Land_CementWorks_SiloBig1B",
            "pos": [
                14365.0126953125,
                43.39703369140625,
                11697.8525390625
            ],
            "ypr": [
                -121.97048950195313,
                0.0,
                -0.0
            ],
            "scale": 0.9999990463256836,
            "enableCEPersistency": 0
        },
        {
            "name": "Land_Smokestack_Medium",
            "pos": [
                14337.8017578125,
                50.65777587890625,
                11643.810546875
            ],
            "ypr": [
                0.0,
                0.0,
                -0.0
            ],
            "scale": 0.9999998807907105,
            "enableCEPersistency": 0
        },
        {
            "name": "Land_Smokestack_Medium",
            "pos": [
                14360.5322265625,
                50.36285400390625,
                11591.85546875
            ],
            "ypr": [
                0.0,
                0.0,
                -0.0
            ],
            "scale": 0.9999998211860657,
            "enableCEPersistency": 0
        },
        {
            "name": "Land_Smokestack_Metal",
            "pos": [
                14406.9541015625,
                44.61773681640625,
                11640.609375
            ],
            "ypr": [
                160.87232971191407,
                0.0,
                -0.0
            ],
            "scale": 1.0000016689300538,
            "enableCEPersistency": 0
        },
        {
            "name": "Bonfire",
            "pos": [
                14361.6162109375,
                74.99954223632813,
                11590.93359375
            ],
            "ypr": [
                -179.99998474121095,
                0.00005621556920232251,
                179.99998474121095
            ],
            "scale": 9.999999974752428e-7,
            "enableCEPersistency": 0
        },
        {
            "name": "Bonfire",
            "pos": [
                14406.5048828125,
                64.96441650390625,
                11639.5546875
            ],
            "ypr": [
                -179.9999237060547,
                5.621554784954369e-29,
                179.9999237060547
            ],
            "scale": 9.999997701015673e-7,
            "enableCEPersistency": 0
        },
        {
            "name": "Wreck_Mi8_Crashed",
            "pos": [
                14360.6904296875,
                73.30255126953125,
                11591.251953125
            ],
            "ypr": [
                0.0,
                0.0,
                -0.0
            ],
            "scale": 9.999999974752428e-7,
            "enableCEPersistency": 0
        },
        {
            "name": "Wreck_Mi8_Crashed",
            "pos": [
                14407.1103515625,
                66.71051025390625,
                11639.0224609375
            ],
            "ypr": [
                0.0,
                0.0,
                -0.0
            ],
            "scale": 9.99999883788405e-7,
            "enableCEPersistency": 0
        },
        {
            "name": "Land_Tank_Big",
            "pos": [
                14364.2509765625,
                3.06146240234375,
                11594.4921875
            ],
            "ypr": [
                0.0,
                0.0,
                -0.0
            ],
            "scale": 0.9999996423721314,
            "enableCEPersistency": 0
        },
        {
            "name": "Land_Tank_Big",
            "pos": [
                14364.2509765625,
                12.0611572265625,
                11594.4921875
            ],
            "ypr": [
                0.0,
                0.0,
                -0.0
            ],
            "scale": 0.9999996423721314,
            "enableCEPersistency": 0
        },
        {
            "name": "Land_Tank_Big",
            "pos": [
                14364.2509765625,
                21.728424072265626,
                11594.4921875
            ],
            "ypr": [
                0.0,
                0.0,
                -0.0
            ],
            "scale": 0.9999995827674866,
            "enableCEPersistency": 0
        },
        {
            "name": "Land_Tank_Big",
            "pos": [
                14447.4384765625,
                3.06146240234375,
                11645.1171875
            ],
            "ypr": [
                0.0,
                0.0,
                -0.0
            ],
            "scale": 0.9999996423721314,
            "enableCEPersistency": 0
        },
        {
            "name": "Land_Tank_Big",
            "pos": [
                14447.4384765625,
                12.0611572265625,
                11645.1171875
            ],
            "ypr": [
                0.0,
                0.0,
                -0.0
            ],
            "scale": 0.9999995827674866,
            "enableCEPersistency": 0
        },
        {
            "name": "Land_Tank_Big",
            "pos": [
                14447.4384765625,
                21.728424072265626,
                11645.1171875
            ],
            "ypr": [
                0.0,
                0.0,
                -0.0
            ],
            "scale": 0.9999995231628418,
            "enableCEPersistency": 0
        },
        {
            "name": "Land_Tisy_RadarPlatform_Top",
            "pos": [
                14409.9580078125,
                6.347015380859375,
                11610.6484375
            ],
            "ypr": [
                -120.33084106445313,
                0.0,
                -0.0
            ],
            "scale": 0.9999996423721314,
            "enableCEPersistency": 0
        },
        {
            "name": "Land_Tisy_RadarPlatform_Top",
            "pos": [
                14398.2900390625,
                6.347015380859375,
                11629.74609375
            ],
            "ypr": [
                -120.33084106445313,
                0.0,
                -0.0
            ],
            "scale": 0.9999995231628418,
            "enableCEPersistency": 0
        },
        {
            "name": "Land_Tisy_RadarPlatform_Top",
            "pos": [
                14386.6064453125,
                6.347015380859375,
                11649.4033203125
            ],
            "ypr": [
                -120.33084106445313,
                0.0,
                -0.0
            ],
            "scale": 0.9999994039535523,
            "enableCEPersistency": 0
        },
        {
            "name": "Land_Tisy_RadarPlatform_Top",
            "pos": [
                14375.0322265625,
                6.30633544921875,
                11669.162109375
            ],
            "ypr": [
                -120.33082580566406,
                0.0,
                -0.0
            ],
            "scale": 0.9999992847442627,
            "enableCEPersistency": 0
        },
        {
            "name": "Land_Tisy_RadarPlatform_Top",
            "pos": [
                14363.4775390625,
                6.347015380859375,
                11688.8056640625
            ],
            "ypr": [
                -120.33082580566406,
                0.0,
                -0.0
            ],
            "scale": 0.9999992847442627,
            "enableCEPersistency": 0
        },
        {
            "name": "Land_Castle_Stairs",
            "pos": [
                14434.5205078125,
                -3.808380126953125,
                11629.2109375
            ],
            "ypr": [
                150.36056518554688,
                0.0,
                -0.0
            ],
            "scale": 0.9999980926513672,
            "enableCEPersistency": 0
        },
        {
            "name": "Land_Castle_Stairs",
            "pos": [
                14430.4033203125,
                6.56512451171875,
                11616.0400390625
            ],
            "ypr": [
                -119.18194580078125,
                0.0,
                -0.0
            ],
            "scale": 0.9999983310699463,
            "enableCEPersistency": 0
        },
        {
            "name": "Land_Mil_Barracks1",
            "pos": [
                14415.8564453125,
                15.673370361328125,
                11614.3056640625
            ],
            "ypr": [
                -30.522207260131837,
                0.0,
                -0.0
            ],
            "scale": 0.999997615814209,
            "enableCEPersistency": 0
        },
        {
            "name": "Land_Mil_Barracks1",
            "pos": [
                14403.7705078125,
                15.673370361328125,
                11633.3134765625
            ],
            "ypr": [
                -30.522207260131837,
                0.0,
                -0.0
            ],
            "scale": 0.999997615814209,
            "enableCEPersistency": 0
        },
        {
            "name": "Land_Mil_Barracks1",
            "pos": [
                14391.2275390625,
                15.673370361328125,
                11651.7861328125
            ],
            "ypr": [
                -30.522207260131837,
                0.0,
                -0.0
            ],
            "scale": 0.999997615814209,
            "enableCEPersistency": 0
        },
        {
            "name": "Land_Mil_Barracks3",
            "pos": [
                14377.8876953125,
                15.67840576171875,
                11675.1083984375
            ],
            "ypr": [
                -29.3537540435791,
                0.0,
                -0.0
            ],
            "scale": 0.9999989867210388,
            "enableCEPersistency": 0
        },
        {
            "name": "Land_Mil_Barracks3",
            "pos": [
                14369.8876953125,
                15.67840576171875,
                11689.1650390625
            ],
            "ypr": [
                151.6964874267578,
                0.0,
                -0.0
            ],
            "scale": 0.9999997615814209,
            "enableCEPersistency": 0
        },
        {
            "name": "Land_Container_1Mo_DE",
            "pos": [
                14399.7548828125,
                14.7659912109375,
                11605.71875
            ],
            "ypr": [
                -119.67400360107422,
                -0.07981660217046738,
                -0.05828305333852768
            ],
            "scale": 1.0000026226043702,
            "enableCEPersistency": 0
        },
        {
            "name": "Land_Container_1Mo_DE",
            "pos": [
                14387.9697265625,
                14.7659912109375,
                11625.275390625
            ],
            "ypr": [
                -119.67398834228516,
                -0.0798168033361435,
                -0.05828305333852768
            ],
            "scale": 1.0000025033950806,
            "enableCEPersistency": 0
        },
        {
            "name": "Land_Container_1Mo_DE",
            "pos": [
                14376.4814453125,
                14.7659912109375,
                11644.3349609375
            ],
            "ypr": [
                -119.67398834228516,
                -0.07981698960065842,
                -0.05828305333852768
            ],
            "scale": 1.000002384185791,
            "enableCEPersistency": 0
        },
        {
            "name": "Land_Container_1Mo_DE",
            "pos": [
                14364.5087890625,
                14.7659912109375,
                11664.19140625
            ],
            "ypr": [
                -119.67398834228516,
                -0.07981716841459274,
                -0.05828305333852768
            ],
            "scale": 1.0000022649765015,
            "enableCEPersistency": 0
        },
        {
            "name": "Land_Container_1Mo_DE",
            "pos": [
                14352.7119140625,
                14.7659912109375,
                11683.7353515625
            ],
            "ypr": [
                -119.67398834228516,
                -0.07981733977794647,
                -0.05828305333852768
            ],
            "scale": 1.000002145767212,
            "enableCEPersistency": 0
        },
        {
            "name": "Land_Castle_Stairs",
            "pos": [
                14398.0439453125,
                16.78912353515625,
                11596.873046875
            ],
            "ypr": [
                -29.92259979248047,
                0.0,
                -0.0
            ],
            "scale": 1.5,
            "enableCEPersistency": 0
        },
        {
            "name": "StaticObj_Panel_Concrete_1",
            "pos": [
                14406.0244140625,
                27.208953857421876,
                11607.806640625
            ],
            "ypr": [
                -28.317380905151368,
                0.0,
                -0.0
            ],
            "scale": 1.0000007152557374,
            "enableCEPersistency": 0
        },
        {
            "name": "StaticObj_Misc_Pipes",
            "pos": [
                14388.4501953125,
                29.9532470703125,
                11617.6455078125
            ],
            "ypr": [
                -24.016008377075197,
                0.0,
                -0.0
            ],
            "scale": 3.0,
            "enableCEPersistency": 0
        },
        {
            "name": "StaticObj_Misc_Pipes",
            "pos": [
                14385.1728515625,
                29.9532470703125,
                11623.19921875
            ],
            "ypr": [
                -24.016006469726564,
                0.0,
                -0.0
            ],
            "scale": 2.999999761581421,
            "enableCEPersistency": 0
        },
        {
            "name": "Land_Ship_Big_FrontA",
            "pos": [
                14457.1220703125,
                17.709365844726564,
                11578.7431640625
            ],
            "ypr": [
                111.39173126220703,
                0.0,
                -0.0
            ],
            "scale": 0.9999997019767761,
            "enableCEPersistency": 0
        },
        {
            "name": "Land_Ship_Big_FrontB",
            "pos": [
                14462.1689453125,
                16.22295379638672,
                11597.9345703125
            ],
            "ypr": [
                111.39173126220703,
                0.0,
                -0.0
            ],
            "scale": 0.9999997019767761,
            "enableCEPersistency": 0
        },
        {
            "name": "Land_Ship_Big_BackA",
            "pos": [
                14474.0478515625,
                17.664474487304689,
                11631.4619140625
            ],
            "ypr": [
                111.39173126220703,
                0.0,
                -0.0
            ],
            "scale": 0.9999997019767761,
            "enableCEPersistency": 0
        },
        {
            "name": "Land_Ship_Big_Castle",
            "pos": [
                14477.4033203125,
                26.27362060546875,
                11638.96484375
            ],
            "ypr": [
                111.39173126220703,
                0.0,
                -0.0
            ],
            "scale": 0.9999997019767761,
            "enableCEPersistency": 0
        },
        {
            "name": "Land_Ship_Big_BackB",
            "pos": [
                14481.7080078125,
                16.23491668701172,
                11649.4287109375
            ],
            "ypr": [
                111.39173126220703,
                0.0,
                -0.0
            ],
            "scale": 0.9999997019767761,
            "enableCEPersistency": 0
        },
        {
            "name": "Land_Container_1Mo_DE",
            "pos": [
                14468.0986328125,
                14.37071704864502,
                11627.21875
            ],
            "ypr": [
                -8.282276153564454,
                -0.0798168033361435,
                -0.05828305333852768
            ],
            "scale": 1.000002384185791,
            "enableCEPersistency": 0
        },
        {
            "name": "Land_Container_1Mo_DE",
            "pos": [
                14472.2548828125,
                14.37071704864502,
                11626.7685546875
            ],
            "ypr": [
                -8.282266616821289,
                -0.07981698960065842,
                -0.05828305333852768
            ],
            "scale": 1.000002145767212,
            "enableCEPersistency": 0
        },
        {
            "name": "Land_Container_1Bo_DE",
            "pos": [
                14459.0634765625,
                14.39525318145752,
                11605.34375
            ],
            "ypr": [
                111.39173126220703,
                0.0,
                -0.0
            ],
            "scale": 0.9999997019767761,
            "enableCEPersistency": 0
        },
        {
            "name": "StaticObj_Container_1D",
            "pos": [
                14448.8212890625,
                16.876789093017579,
                11567.9775390625
            ],
            "ypr": [
                0.0,
                0.0,
                -0.0
            ],
            "scale": 0.9999998807907105,
            "enableCEPersistency": 0
        },
        {
            "name": "Land_Container_1Mo_DE",
            "pos": [
                14456.9970703125,
                1.9135894775390626,
                11587.9423828125
            ],
            "ypr": [
                111.39173126220703,
                0.0,
                -0.0
            ],
            "scale": 0.9999997019767761,
            "enableCEPersistency": 0
        },
        {
            "name": "Land_Container_1Aoh_DE",
            "pos": [
                14455.9736328125,
                1.9135284423828126,
                11584.630859375
            ],
            "ypr": [
                111.39173126220703,
                0.0,
                -0.0
            ],
            "scale": 0.9999997019767761,
            "enableCEPersistency": 0
        },
        {
            "name": "Land_Container_1Bo_DE",
            "pos": [
                14453.6923828125,
                3.7833709716796877,
                11583.4541015625
            ],
            "ypr": [
                33.592586517333987,
                74.99928283691406,
                -0.0
            ],
            "scale": 0.9999960064888,
            "enableCEPersistency": 0
        },
        {
            "name": "Land_Container_1Mo_DE",
            "pos": [
                14461.9306640625,
                1.8369598388671876,
                11588.0673828125
            ],
            "ypr": [
                171.29733276367188,
                0.0,
                -0.0
            ],
            "scale": 0.9999995827674866,
            "enableCEPersistency": 0
        },
        {
            "name": "Land_Container_1Aoh_DE",
            "pos": [
                14454.5009765625,
                1.8603668212890626,
                11579.2587890625
            ],
            "ypr": [
                111.39173126220703,
                0.0,
                -0.0
            ],
            "scale": 0.9999996423721314,
            "enableCEPersistency": 0
        },
        {
            "name": "StaticObj_Pipe_Big_18m_Ladder",
            "pos": [
                14369.8720703125,
                17.075469970703126,
                11585.0361328125
            ],
            "ypr": [
                148.50376892089845,
                89.70391845703125,
                -180.0
            ],
            "scale": 0.9999867081642151,
            "enableCEPersistency": 0
        },
        {
            "name": "StaticObj_Pipe_Big_18m_Ladder",
            "pos": [
                14369.8720703125,
                0.00189208984375,
                11585.0361328125
            ],
            "ypr": [
                148.50375366210938,
                89.5812759399414,
                179.99998474121095
            ],
            "scale": 0.9999866485595703,
            "enableCEPersistency": 0
        },
        {
            "name": "StaticObj_Pipe_Big_18m_Ladder",
            "pos": [
                14377.5673828125,
                17.075469970703126,
                11591.2802734375
            ],
            "ypr": [
                148.50375366210938,
                89.5812759399414,
                179.99998474121095
            ],
            "scale": 0.9999866485595703,
            "enableCEPersistency": 0
        },
        {
            "name": "StaticObj_Pipe_Big_18m_Ladder",
            "pos": [
                14377.5673828125,
                0.00189208984375,
                11591.2802734375
            ],
            "ypr": [
                148.5037384033203,
                89.48680114746094,
                179.99996948242188
            ],
            "scale": 0.9999865293502808,
            "enableCEPersistency": 0
        },
        {
            "name": "StaticObj_Pipe_Big_18m_Ladder",
            "pos": [
                14385.1845703125,
                17.075469970703126,
                11594.5458984375
            ],
            "ypr": [
                148.5037384033203,
                89.48680114746094,
                179.99996948242188
            ],
            "scale": 0.9999865293502808,
            "enableCEPersistency": 0
        },
        {
            "name": "StaticObj_Pipe_Big_18m_Ladder",
            "pos": [
                14385.1845703125,
                0.00189208984375,
                11594.5458984375
            ],
            "ypr": [
                148.50372314453126,
                89.40751647949219,
                179.9999542236328
            ],
            "scale": 0.9999865889549255,
            "enableCEPersistency": 0
        },
        {
            "name": "Land_Tank_Big",
            "pos": [
                14421.3642578125,
                12.0611572265625,
                11686.7958984375
            ],
            "ypr": [
                0.0,
                0.0,
                -0.0
            ],
            "scale": 0.9999995827674866,
            "enableCEPersistency": 0
        },
        {
            "name": "Land_Tank_Big",
            "pos": [
                14421.3642578125,
                21.728424072265626,
                11686.7958984375
            ],
            "ypr": [
                0.0,
                0.0,
                -0.0
            ],
            "scale": 0.9999995231628418,
            "enableCEPersistency": 0
        },
        {
            "name": "Land_Tank_Big",
            "pos": [
                14421.3642578125,
                3.06146240234375,
                11686.7958984375
            ],
            "ypr": [
                0.0,
                0.0,
                -0.0
            ],
            "scale": 0.9999996423721314,
            "enableCEPersistency": 0
        },
        {
            "name": "Land_Tank_Big",
            "pos": [
                14353.0986328125,
                12.0611572265625,
                11705.4267578125
            ],
            "ypr": [
                0.0,
                0.0,
                -0.0
            ],
            "scale": 0.9999995231628418,
            "enableCEPersistency": 0
        },
        {
            "name": "Land_Tank_Big",
            "pos": [
                14353.0986328125,
                21.728424072265626,
                11705.4267578125
            ],
            "ypr": [
                0.0,
                0.0,
                -0.0
            ],
            "scale": 0.9999994039535523,
            "enableCEPersistency": 0
        },
        {
            "name": "Land_Tank_Big",
            "pos": [
                14353.0986328125,
                3.06146240234375,
                11705.4267578125
            ],
            "ypr": [
                0.0,
                0.0,
                -0.0
            ],
            "scale": 0.9999995827674866,
            "enableCEPersistency": 0
        },
        {
            "name": "Land_Tank_Big",
            "pos": [
                14336.2666015625,
                12.0611572265625,
                11636.7626953125
            ],
            "ypr": [
                0.0,
                0.0,
                -0.0
            ],
            "scale": 0.9999994039535523,
            "enableCEPersistency": 0
        },
        {
            "name": "Land_Tank_Big",
            "pos": [
                14336.2666015625,
                21.728424072265626,
                11636.7626953125
            ],
            "ypr": [
                0.0,
                0.0,
                -0.0
            ],
            "scale": 0.9999993443489075,
            "enableCEPersistency": 0
        },
        {
            "name": "Land_Tank_Big",
            "pos": [
                14336.2666015625,
                3.06146240234375,
                11636.7626953125
            ],
            "ypr": [
                0.0,
                0.0,
                -0.0
            ],
            "scale": 0.9999995231628418,
            "enableCEPersistency": 0
        },
        {
            "name": "Land_Mil_Tent_Big4",
            "pos": [
                14405.2939453125,
                28.45306396484375,
                11626.1044921875
            ],
            "ypr": [
                55.79823684692383,
                0.0,
                -0.0
            ],
            "scale": 1.0000003576278687,
            "enableCEPersistency": 0
        },
        {
            "name": "Land_Mil_Tent_Big1_2",
            "pos": [
                14399.6533203125,
                27.239959716796876,
                11637.2333984375
            ],
            "ypr": [
                147.52891540527345,
                0.0,
                -0.0
            ],
            "scale": 0.9999998211860657,
            "enableCEPersistency": 0
        },
        {
            "name": "Bonfire",
            "pos": [
                14337.5927734375,
                76.23526000976563,
                11642.828125
            ],
            "ypr": [
                -179.99996948242188,
                5.621556692370078e-11,
                179.99996948242188
            ],
            "scale": 9.999999974752428e-7,
            "enableCEPersistency": 0
        },
        {
            "name": "Wreck_Mi8_Crashed",
            "pos": [
                14336.6669921875,
                74.53826904296875,
                11643.146484375
            ],
            "ypr": [
                0.0,
                0.0,
                -0.0
            ],
            "scale": 9.99999883788405e-7,
            "enableCEPersistency": 0
        },
        {
            "name": "Land_Boathouse",
            "pos": [
                14436.060546875,
                -1.9862955808639527,
                11634.0458984375
            ],
            "ypr": [
                -28.291841506958009,
                0.0,
                -0.0
            ],
            "scale": 1.000000238418579,
            "enableCEPersistency": 0
        }
    ]
}