{
    "Objects": [
        {
            "name": "Land_wreck_sed02_aban2_police",
            "pos": [
                2721.923583984375,
                207.34042358398438,
                5375.75
            ],
            "ypr": [
                -105.59246063232422,
                0.0,
                -0.0
            ],
            "scale": 0.9999668598175049,
            "enableCEPersistency": 0,
            "customString": ""
        },
        {
            "name": "Land_wreck_sed02_aban2_police",
            "pos": [
                6628.5712890625,
                8.214179992675782,
                2580.9677734375
            ],
            "ypr": [
                -164.97518920898438,
                0.0,
                -0.0
            ],
            "scale": 0.9999668598175049,
            "enableCEPersistency": 0,
            "customString": ""
        },
        {
            "name": "Land_wreck_sed02_aban2_police",
            "pos": [
                7736.8466796875,
                119.07810974121094,
                12645.2666015625
            ],
            "ypr": [
                -25.469900131225587,
                0.0,
                -0.0
            ],
            "scale": 0.9999669194221497,
            "enableCEPersistency": 0,
            "customString": ""
        },
        {
            "name": "Land_wreck_sed02_aban2_police",
            "pos": [
                10450.7333984375,
                6.716574192047119,
                2278.88525390625
            ],
            "ypr": [
                -61.5993537902832,
                0.0,
                -0.0
            ],
            "scale": 0.9999668002128601,
            "enableCEPersistency": 0,
            "customString": ""
        },
        {
            "name": "Land_wreck_sed02_aban2_police",
            "pos": [
                11487.9775390625,
                47.27050018310547,
                14476.41796875
            ],
            "ypr": [
                169.9717559814453,
                0.0,
                -0.0
            ],
            "scale": 0.9999668598175049,
            "enableCEPersistency": 0,
            "customString": ""
        },
        {
            "name": "Land_wreck_sed02_aban2_police",
            "pos": [
                12068.57421875,
                54.608604431152347,
                9070.7939453125
            ],
            "ypr": [
                9.249496459960938,
                0.0,
                -0.0
            ],
            "scale": 0.9999669194221497,
            "enableCEPersistency": 0,
            "customString": ""
        },
        {
            "name": "Land_wreck_sed02_aban2_police",
            "pos": [
                13849.845703125,
                21.27622413635254,
                13227.099609375
            ],
            "ypr": [
                -0.13334259390830995,
                0.0,
                -0.0
            ],
            "scale": 0.9999668598175049,
            "enableCEPersistency": 0,
            "customString": ""
        },
        {
            "name": "PartyLight",
            "pos": [
                2721.759033203125,
                208.25579833984376,
                5375.9267578125
            ],
            "ypr": [
                101.69266510009766,
                0.0,
                -0.0
            ],
            "scale": 0.004999999422580004,
            "enableCEPersistency": 0,
            "customString": ""
        },
        {
            "name": "PartyLight",
            "pos": [
                6628.3837890625,
                9.138496398925782,
                2580.91943359375
            ],
            "ypr": [
                42.30995178222656,
                0.0,
                -0.0
            ],
            "scale": 0.004999998956918716,
            "enableCEPersistency": 0,
            "customString": ""
        },
        {
            "name": "PartyLight",
            "pos": [
                7736.99755859375,
                120.00130462646485,
                12645.48046875
            ],
            "ypr": [
                -178.18472290039063,
                0.0,
                -0.0
            ],
            "scale": 0.004999998491257429,
            "enableCEPersistency": 0,
            "customString": ""
        },
        {
            "name": "PartyLight",
            "pos": [
                10450.73046875,
                7.631948947906494,
                2279.07861328125
            ],
            "ypr": [
                145.685791015625,
                0.0,
                -0.0
            ],
            "scale": 0.004999999422580004,
            "enableCEPersistency": 0,
            "customString": ""
        },
        {
            "name": "PartyLight",
            "pos": [
                11487.7958984375,
                48.20774459838867,
                14476.2626953125
            ],
            "ypr": [
                17.25692367553711,
                0.0,
                -0.0
            ],
            "scale": 0.004999998956918716,
            "enableCEPersistency": 0,
            "customString": ""
        },
        {
            "name": "PartyLight",
            "pos": [
                12068.755859375,
                55.53764343261719,
                9070.861328125
            ],
            "ypr": [
                -143.46534729003907,
                0.0,
                -0.0
            ],
            "scale": 0.004999998956918716,
            "enableCEPersistency": 0,
            "customString": ""
        },
        {
            "name": "PartyLight",
            "pos": [
                13850.0849609375,
                22.19930076599121,
                13227.212890625
            ],
            "ypr": [
                -152.84815979003907,
                0.0,
                -0.0
            ],
            "scale": 0.004999999422580004,
            "enableCEPersistency": 0,
            "customString": ""
        },
        {
            "name": "StaticObj_Dead_pile2",
            "pos": [
                7735.67236328125,
                118.71851348876953,
                12644.6630859375
            ],
            "ypr": [
                0.0,
                0.0,
                -0.0
            ],
            "scale": 0.9999998211860657,
            "enableCEPersistency": 0,
            "customString": ""
        },
        {
            "name": "PartyLight",
            "pos": [
                3432.103515625,
                194.41799926757813,
                13019.5927734375
            ],
            "ypr": [
                -136.5411834716797,
                0.0,
                -0.0
            ],
            "scale": 0.004999999888241291,
            "enableCEPersistency": 0,
            "customString": ""
        },
        {
            "name": "PartyLight",
            "pos": [
                3574.75537109375,
                8.005386352539063,
                2440.638916015625
            ],
            "ypr": [
                160.6567840576172,
                0.0,
                -0.0
            ],
            "scale": 0.004999999888241291,
            "enableCEPersistency": 0,
            "customString": ""
        },
        {
            "name": "PartyLight",
            "pos": [
                3715.7607421875,
                312.6212158203125,
                8919.9833984375
            ],
            "ypr": [
                25.79698944091797,
                0.0,
                -0.0
            ],
            "scale": 0.004999998956918716,
            "enableCEPersistency": 0,
            "customString": ""
        },
        {
            "name": "PartyLight",
            "pos": [
                5858.517578125,
                139.1239013671875,
                4683.9189453125
            ],
            "ypr": [
                76.1302261352539,
                2.8764833359673505e-7,
                -0.00008304570656036958
            ],
            "scale": 0.004999891854822636,
            "enableCEPersistency": 0,
            "customString": ""
        },
        {
            "name": "PartyLight",
            "pos": [
                6003.04150390625,
                268.56451416015627,
                10359.9267578125
            ],
            "ypr": [
                125.80836486816406,
                0.0,
                -0.0
            ],
            "scale": 0.004999998956918716,
            "enableCEPersistency": 0,
            "customString": ""
        },
        {
            "name": "PartyLight",
            "pos": [
                6198.35205078125,
                27.38188362121582,
                2910.74365234375
            ],
            "ypr": [
                -17.214740753173829,
                0.0,
                -0.0
            ],
            "scale": 0.004999999422580004,
            "enableCEPersistency": 0,
            "customString": ""
        },
        {
            "name": "PartyLight",
            "pos": [
                7177.22705078125,
                294.5619812011719,
                7678.6015625
            ],
            "ypr": [
                -165.42520141601563,
                7.27451598958595e-10,
                -0.0000590313647990115
            ],
            "scale": 0.004999952390789986,
            "enableCEPersistency": 0,
            "customString": ""
        },
        {
            "name": "PartyLight",
            "pos": [
                9539.240234375,
                304.3955078125,
                8803.5927734375
            ],
            "ypr": [
                -169.6488800048828,
                0.0,
                -0.0
            ],
            "scale": 0.004999999422580004,
            "enableCEPersistency": 0,
            "customString": ""
        },
        {
            "name": "PartyLight",
            "pos": [
                10159.8203125,
                245.37181091308595,
                5521.8984375
            ],
            "ypr": [
                -16.131336212158204,
                -7.711861010895049e-11,
                0.000014007986465003342
            ],
            "scale": 0.004999708384275436,
            "enableCEPersistency": 0,
            "customString": ""
        },
        {
            "name": "PartyLight",
            "pos": [
                11061.8037109375,
                228.41026306152345,
                12479.830078125
            ],
            "ypr": [
                29.810897827148439,
                2.8295418785795336e-10,
                0.000002001103212023736
            ],
            "scale": 0.004999925382435322,
            "enableCEPersistency": 0,
            "customString": ""
        },
        {
            "name": "PartyLight",
            "pos": [
                11184.1513671875,
                77.93788146972656,
                6600.63232421875
            ],
            "ypr": [
                122.46882629394531,
                0.0,
                -0.0
            ],
            "scale": 0.004999998956918716,
            "enableCEPersistency": 0,
            "customString": ""
        },
        {
            "name": "PartyLight",
            "pos": [
                12051.767578125,
                7.378536224365234,
                3599.347412109375
            ],
            "ypr": [
                350.85235595703127,
                0.0,
                0.0
            ],
            "scale": 0.004999999888241291,
            "enableCEPersistency": 0,
            "customString": ""
        },
        {
            "name": "PartyLight",
            "pos": [
                12933.455078125,
                7.7653913497924809,
                10181.5546875
            ],
            "ypr": [
                -67.83251190185547,
                1.2213687838880106e-9,
                -0.00011573388474062085
            ],
            "scale": 0.0049996147863566879,
            "enableCEPersistency": 0,
            "customString": ""
        },
        {
            "name": "Land_wreck_sed02_aban1_police",
            "pos": [
                3432.328857421875,
                193.67385864257813,
                13019.7353515625
            ],
            "ypr": [
                111.45579528808594,
                0.0,
                -0.0
            ],
            "scale": 0.9992039799690247,
            "enableCEPersistency": 0,
            "customString": ""
        },
        {
            "name": "Land_wreck_sed02_aban1_police",
            "pos": [
                3574.741943359375,
                7.269115447998047,
                2440.830810546875
            ],
            "ypr": [
                48.6538200378418,
                -2.799926280975342,
                -0.0
            ],
            "scale": 0.9999868869781494,
            "enableCEPersistency": 0,
            "customString": ""
        },
        {
            "name": "Land_wreck_sed02_aban1_police",
            "pos": [
                3715.63427734375,
                311.8586730957031,
                8919.837890625
            ],
            "ypr": [
                -86.20597839355469,
                -2.799926280975342,
                -0.0
            ],
            "scale": 0.9999868869781494,
            "enableCEPersistency": 0,
            "customString": ""
        },
        {
            "name": "Land_wreck_sed02_aban1_police",
            "pos": [
                5858.3251953125,
                138.37652587890626,
                4683.923828125
            ],
            "ypr": [
                -35.87356185913086,
                -1.852004885673523,
                -1.3902640342712403
            ],
            "scale": 0.9994586110115051,
            "enableCEPersistency": 0,
            "customString": ""
        },
        {
            "name": "Land_wreck_sed02_aban1_police",
            "pos": [
                6002.9208984375,
                267.800537109375,
                10360.0771484375
            ],
            "ypr": [
                13.805386543273926,
                -2.799926280975342,
                -0.0
            ],
            "scale": 0.9999869465827942,
            "enableCEPersistency": 0,
            "customString": ""
        },
        {
            "name": "Land_wreck_sed02_aban1_police",
            "pos": [
                6198.3583984375,
                26.63568115234375,
                2910.55126953125
            ],
            "ypr": [
                -129.21798706054688,
                -0.7999194264411926,
                -0.0
            ],
            "scale": 0.9999869465827942,
            "enableCEPersistency": 0,
            "customString": ""
        },
        {
            "name": "Land_wreck_sed02_aban1_police",
            "pos": [
                7177.34033203125,
                293.814697265625,
                7678.78076171875
            ],
            "ypr": [
                82.5713882446289,
                0.0,
                -0.0
            ],
            "scale": 0.9992040991783142,
            "enableCEPersistency": 0,
            "customString": ""
        },
        {
            "name": "Land_wreck_sed02_aban1_police",
            "pos": [
                9539.3232421875,
                303.6376037597656,
                8803.7666015625
            ],
            "ypr": [
                78.34809875488281,
                -2.799926280975342,
                -0.0
            ],
            "scale": 0.9999869465827942,
            "enableCEPersistency": 0,
            "customString": ""
        },
        {
            "name": "Land_wreck_sed02_aban1_police",
            "pos": [
                10159.8232421875,
                244.6195526123047,
                5521.7060546875
            ],
            "ypr": [
                -128.13514709472657,
                -2.799926280975342,
                -0.0
            ],
            "scale": 0.9999869465827942,
            "enableCEPersistency": 0,
            "customString": ""
        },
        {
            "name": "Land_wreck_sed02_aban1_police",
            "pos": [
                11061.615234375,
                227.65237426757813,
                12479.669921875
            ],
            "ypr": [
                -82.1922836303711,
                0.8427730798721314,
                -1.655282974243164
            ],
            "scale": 0.9987892508506775,
            "enableCEPersistency": 0,
            "customString": ""
        },
        {
            "name": "Land_wreck_sed02_aban1_police",
            "pos": [
                11184.0224609375,
                77.18412017822266,
                6600.77490234375
            ],
            "ypr": [
                10.465826988220215,
                -2.799926280975342,
                -0.0
            ],
            "scale": 0.9999869465827942,
            "enableCEPersistency": 0,
            "customString": ""
        },
        {
            "name": "Land_wreck_sed02_aban1_police",
            "pos": [
                12051.7470703125,
                6.649714946746826,
                3599.15625
            ],
            "ypr": [
                238.849365234375,
                -2.7999629974365236,
                0.0
            ],
            "scale": 0.999987006187439,
            "enableCEPersistency": 0,
            "customString": ""
        },
        {
            "name": "Land_wreck_sed02_aban1_police",
            "pos": [
                12933.5419921875,
                7.046910285949707,
                10181.2255859375
            ],
            "ypr": [
                -152.92198181152345,
                8.599556922912598,
                -0.0
            ],
            "scale": 0.9999406933784485,
            "enableCEPersistency": 0,
            "customString": ""
        },
        {
            "name": "StaticObj_Rubble_DirtPile_Medium1",
            "pos": [
                6198.42626953125,
                26.06887435913086,
                2909.46240234375
            ],
            "ypr": [
                0.0,
                0.0,
                -0.0
            ],
            "scale": 0.9999998211860657,
            "enableCEPersistency": 0,
            "customString": ""
        },
        {
            "name": "StaticObj_Rubble_DirtPile_Medium1",
            "pos": [
                6199.09326171875,
                26.047269821166993,
                2911.484619140625
            ],
            "ypr": [
                0.0,
                0.0,
                -0.0
            ],
            "scale": 0.9999997615814209,
            "enableCEPersistency": 0,
            "customString": ""
        },
        {
            "name": "StaticObj_Dead_pile3",
            "pos": [
                3715.0302734375,
                311.2947998046875,
                8921.1875
            ],
            "ypr": [
                0.0,
                0.0,
                -0.0
            ],
            "scale": 0.9999998211860657,
            "enableCEPersistency": 0,
            "customString": ""
        },
        {
            "name": "StaticObj_Rubble_DirtPile_Large",
            "pos": [
                3715.457275390625,
                310.87933349609377,
                8920.52734375
            ],
            "ypr": [
                0.0,
                0.0,
                -0.0
            ],
            "scale": 0.9999998211860657,
            "enableCEPersistency": 0,
            "customString": ""
        },
        {
            "name": "StaticObj_Rubble_DirtPile_Medium2",
            "pos": [
                7178.34814453125,
                293.1715393066406,
                7679.37255859375
            ],
            "ypr": [
                0.0,
                0.0,
                -0.0
            ],
            "scale": 0.9999998211860657,
            "enableCEPersistency": 0,
            "customString": ""
        },
        {
            "name": "StaticObj_Rubble_DirtPile_Medium2",
            "pos": [
                12051.751953125,
                5.9496355056762699,
                3598.113037109375
            ],
            "ypr": [
                0.0,
                0.0,
                -0.0
            ],
            "scale": 0.9999998211860657,
            "enableCEPersistency": 0,
            "customString": ""
        },
        {
            "name": "StaticObj_Roadblock_Wood_Small",
            "pos": [
                11001.392578125,
                227.15560913085938,
                12413.8115234375
            ],
            "ypr": [
                -145.90609741210938,
                0.0,
                -0.0
            ],
            "scale": 0.999971866607666,
            "enableCEPersistency": 0,
            "customString": ""
        },
        {
            "name": "PartyLight",
            "pos": [
                3574.367431640625,
                8.04326057434082,
                2441.03466796875
            ],
            "ypr": [
                160.6567840576172,
                0.0,
                -0.0
            ],
            "scale": 0.004999998491257429,
            "enableCEPersistency": 0,
            "customString": ""
        },
        {
            "name": "PartyLight",
            "pos": [
                6628.91943359375,
                9.150291442871094,
                2580.7568359375
            ],
            "ypr": [
                42.30995178222656,
                0.0,
                -0.0
            ],
            "scale": 0.004999998025596142,
            "enableCEPersistency": 0,
            "customString": ""
        },
        {
            "name": "PartyLight",
            "pos": [
                6198.72412109375,
                27.40980339050293,
                2910.330810546875
            ],
            "ypr": [
                -17.214738845825197,
                0.0,
                -0.0
            ],
            "scale": 0.004999999422580004,
            "enableCEPersistency": 0,
            "customString": ""
        },
        {
            "name": "PartyLight",
            "pos": [
                5858.06689453125,
                139.14111328125,
                4683.591796875
            ],
            "ypr": [
                76.13021850585938,
                7.190893713815427e-12,
                -0.00008304569200845435
            ],
            "scale": 0.004999890923500061,
            "enableCEPersistency": 0,
            "customString": ""
        },
        {
            "name": "PartyLight",
            "pos": [
                12052.04296875,
                7.4206318855285648,
                3598.92724609375
            ],
            "ypr": [
                -9.147632598876954,
                0.0,
                -0.0
            ],
            "scale": 0.004999998956918716,
            "enableCEPersistency": 0,
            "customString": ""
        },
        {
            "name": "PartyLight",
            "pos": [
                10450.4736328125,
                7.631948947906494,
                2278.654296875
            ],
            "ypr": [
                145.68577575683595,
                0.0,
                -0.0
            ],
            "scale": 0.004999998956918716,
            "enableCEPersistency": 0,
            "customString": ""
        },
        {
            "name": "PartyLight",
            "pos": [
                10160.1572265625,
                245.38853454589845,
                5521.47021484375
            ],
            "ypr": [
                -16.13133430480957,
                -3.855705088973843e-13,
                0.00001400798555550864
            ],
            "scale": 0.004999707918614149,
            "enableCEPersistency": 0,
            "customString": ""
        },
        {
            "name": "PartyLight",
            "pos": [
                11183.6171875,
                77.96050262451172,
                6600.72119140625
            ],
            "ypr": [
                122.46882629394531,
                0.0,
                -0.0
            ],
            "scale": 0.004999998956918716,
            "enableCEPersistency": 0,
            "customString": ""
        },
        {
            "name": "PartyLight",
            "pos": [
                2721.90625,
                208.18661499023438,
                5375.35791015625
            ],
            "ypr": [
                101.69266510009766,
                0.0,
                -0.0
            ],
            "scale": 0.004999999422580004,
            "enableCEPersistency": 0,
            "customString": ""
        },
        {
            "name": "PartyLight",
            "pos": [
                7177.14697265625,
                294.5619812011719,
                7679.16943359375
            ],
            "ypr": [
                -165.42518615722657,
                3.6372231181774906e-12,
                -0.000059031357523053887
            ],
            "scale": 0.004999952390789986,
            "enableCEPersistency": 0,
            "customString": ""
        },
        {
            "name": "PartyLight",
            "pos": [
                3715.75,
                312.6212158203125,
                8919.4248046875
            ],
            "ypr": [
                25.796987533569337,
                0.0,
                -0.0
            ],
            "scale": 0.004999998956918716,
            "enableCEPersistency": 0,
            "customString": ""
        },
        {
            "name": "PartyLight",
            "pos": [
                9539.1240234375,
                304.3955078125,
                8804.1123046875
            ],
            "ypr": [
                -169.64886474609376,
                0.0,
                -0.0
            ],
            "scale": 0.004999999422580004,
            "enableCEPersistency": 0,
            "customString": ""
        },
        {
            "name": "PartyLight",
            "pos": [
                12068.19921875,
                55.53764343261719,
                9070.966796875
            ],
            "ypr": [
                -143.46534729003907,
                0.0,
                -0.0
            ],
            "scale": 0.004999998025596142,
            "enableCEPersistency": 0,
            "customString": ""
        },
        {
            "name": "PartyLight",
            "pos": [
                6002.5322265625,
                268.56451416015627,
                10360.0615234375
            ],
            "ypr": [
                125.80836486816406,
                0.0,
                -0.0
            ],
            "scale": 0.004999998025596142,
            "enableCEPersistency": 0,
            "customString": ""
        },
        {
            "name": "PartyLight",
            "pos": [
                12934.0263671875,
                7.7653913497924809,
                10181.2802734375
            ],
            "ypr": [
                -67.83251190185547,
                6.106371918529474e-12,
                -0.00011573387018870562
            ],
            "scale": 0.004999613855034113,
            "enableCEPersistency": 0,
            "customString": ""
        },
        {
            "name": "PartyLight",
            "pos": [
                11061.7314453125,
                228.41026306152345,
                12479.2373046875
            ],
            "ypr": [
                29.810897827148439,
                1.4147496108646296e-12,
                0.000002001103212023736
            ],
            "scale": 0.0049999249167740349,
            "enableCEPersistency": 0,
            "customString": ""
        },
        {
            "name": "PartyLight",
            "pos": [
                13849.4638671875,
                22.19930076599121,
                13227.2265625
            ],
            "ypr": [
                -152.84814453125,
                0.0,
                -0.0
            ],
            "scale": 0.004999998956918716,
            "enableCEPersistency": 0,
            "customString": ""
        },
        {
            "name": "PartyLight",
            "pos": [
                7736.4560546875,
                120.00130462646485,
                12645.2197265625
            ],
            "ypr": [
                -178.18470764160157,
                0.0,
                -0.0
            ],
            "scale": 0.004999998491257429,
            "enableCEPersistency": 0,
            "customString": ""
        },
        {
            "name": "PartyLight",
            "pos": [
                3432.314453125,
                194.4345703125,
                13020.146484375
            ],
            "ypr": [
                -136.54116821289063,
                0.0,
                -0.0
            ],
            "scale": 0.004999999422580004,
            "enableCEPersistency": 0,
            "customString": ""
        },
        {
            "name": "PartyLight",
            "pos": [
                11488.3515625,
                48.2165641784668,
                14476.3388671875
            ],
            "ypr": [
                17.25692367553711,
                0.0,
                -0.0
            ],
            "scale": 0.0049999975599348549,
            "enableCEPersistency": 0,
            "customString": ""
        }
    ]
}