{
    "Objects": [
        {
            "name": "Land_Castle_Bergfrit",
            "pos": [
                1202.3499755859376,
                382.0480041503906,
                12304.0
            ],
            "ypr": [
                35.135292053222659,
                0.0,
                0.0
            ]
        },
        {
            "name": "Land_Castle_Wall1_20",
            "pos": [
                1214.300048828125,
                383.30999755859377,
                12315.7998046875
            ],
            "ypr": [
                123.04097747802735,
                0.0,
                0.0
            ]
        },
        {
            "name": "Land_Castle_Stairs_nolc",
            "pos": [
                1212.6500244140626,
                383.0329895019531,
                12317.5
            ],
            "ypr": [
                125.15399169921875,
                0.0,
                0.0
            ]
        },
        {
            "name": "Land_Castle_Wall2_Corner1",
            "pos": [
                1218.52001953125,
                381.6940002441406,
                12324.7001953125
            ],
            "ypr": [
                31.2052059173584,
                0.0,
                0.0
            ]
        },
        {
            "name": "Land_Castle_Wall1_20_nolc",
            "pos": [
                1211.780029296875,
                383.32598876953127,
                12331.599609375
            ],
            "ypr": [
                35.63299560546875,
                0.0,
                0.0
            ]
        },
        {
            "name": "Land_Castle_Wall1_20_nolc",
            "pos": [
                1195.260009765625,
                383.25299072265627,
                12343.400390625
            ],
            "ypr": [
                35.63299560546875,
                0.0,
                0.0
            ]
        },
        {
            "name": "Land_Castle_Gate",
            "pos": [
                1186.2900390625,
                383.4389953613281,
                12338.900390625
            ],
            "ypr": [
                125.75198364257813,
                0.0,
                0.0
            ]
        },
        {
            "name": "Land_Castle_Wall1_20",
            "pos": [
                1183.1099853515626,
                383.6730041503906,
                12321.5
            ],
            "ypr": [
                -58.252803802490237,
                0.0,
                0.0
            ]
        },
        {
            "name": "Land_Castle_Wall1_20_nolc",
            "pos": [
                1186.93994140625,
                383.7569885253906,
                12308.099609375
            ],
            "ypr": [
                -145.83700561523438,
                0.0,
                0.0
            ]
        },
        {
            "name": "Land_Castle_Stairs_nolc",
            "pos": [
                1197.800048828125,
                383.6960144042969,
                12337.099609375
            ],
            "ypr": [
                -147.80299377441407,
                0.0,
                0.0
            ]
        },
        {
            "name": "Land_Castle_Stairs_nolc",
            "pos": [
                1185.8800048828126,
                382.8919982910156,
                12320.400390625
            ],
            "ypr": [
                -60.32289505004883,
                0.0,
                0.0
            ]
        },
        {
            "name": "Land_Mil_Fortified_Nest_Small",
            "pos": [
                1182.052734375,
                381.1262512207031,
                12349.640625
            ],
            "ypr": [
                172.93350219726563,
                -0.0,
                -0.0
            ]
        },
        {
            "name": "Land_Mil_Fortified_Nest_Small",
            "pos": [
                1175.1961669921876,
                380.7706298828125,
                12340.052734375
            ],
            "ypr": [
                98.10894775390625,
                -0.0,
                -0.0
            ]
        },
        {
            "name": "Land_wreck_truck01_aban1_green",
            "pos": [
                1176.699951171875,
                379.0539855957031,
                12328.2998046875
            ],
            "ypr": [
                123.4269790649414,
                0.0,
                -5.999998569488525
            ]
        },
        {
            "name": "Land_wreck_truck01_aban1_green",
            "pos": [
                1173.0699462890626,
                379.12298583984377,
                12325.400390625
            ],
            "ypr": [
                138.55796813964845,
                0.0,
                0.0
            ]
        },
        {
            "name": "Land_wreck_truck01_aban1_green",
            "pos": [
                1171.3399658203126,
                378.927001953125,
                12321.400390625
            ],
            "ypr": [
                125.5179672241211,
                0.0,
                -9.499999046325684
            ]
        },
        {
            "name": "Land_Misc_Well_Pump_Blue",
            "pos": [
                1202.616455078125,
                379.1092224121094,
                12300.466796875
            ],
            "ypr": [
                -60.960533142089847,
                -0.0,
                -0.0
            ]
        },
        {
            "name": "Land_Misc_Toilet_Mobile",
            "pos": [
                1207.3076171875,
                379.99871826171877,
                12310.1455078125
            ],
            "ypr": [
                -141.14181518554688,
                -0.0,
                -0.0
            ]
        },
        {
            "name": "Land_Misc_Toilet_Mobile",
            "pos": [
                1206.2469482421876,
                380.0365295410156,
                12310.994140625
            ],
            "ypr": [
                -141.67726135253907,
                -0.0,
                -0.0
            ]
        },
        {
            "name": "Land_Roadblock_Table",
            "pos": [
                1199.25,
                379.5979919433594,
                12302.7998046875
            ],
            "ypr": [
                35.09799575805664,
                0.0,
                0.0
            ]
        },
        {
            "name": "Land_Roadblock_Table",
            "pos": [
                1201.120361328125,
                379.58880615234377,
                12301.36328125
            ],
            "ypr": [
                33.15593338012695,
                -0.0,
                -0.0
            ]
        },
        {
            "name": "Land_Mil_Tent_Big1_1",
            "pos": [
                1188.030029296875,
                390.4989929199219,
                12342.7001953125
            ],
            "ypr": [
                35.999996185302737,
                0.0,
                0.0
            ]
        },
        {
            "name": "Land_Mil_Fortified_Nest_Small",
            "pos": [
                1198.6600341796876,
                380.7040100097656,
                12330.400390625
            ],
            "ypr": [
                123.71298217773438,
                0.0,
                0.0
            ]
        },
        {
            "name": "Land_Mil_Tent_Big1_2",
            "pos": [
                1188.8917236328126,
                378.9472351074219,
                12313.900390625
            ],
            "ypr": [
                -147.85205078125,
                -0.0,
                -0.0
            ]
        },
        {
            "name": "Land_Radio_PanelPAS",
            "pos": [
                1201.97998046875,
                390.7659912109375,
                12301.0
            ],
            "ypr": [
                127.40898895263672,
                0.0,
                0.0
            ]
        },
        {
            "name": "Land_Roadblock_Table",
            "pos": [
                1200.550048828125,
                391.12200927734377,
                12302.099609375
            ],
            "ypr": [
                39.999996185302737,
                0.0,
                0.0
            ]
        },
        {
            "name": "Land_Roadblock_WoodenCrate",
            "pos": [
                1205.1800537109376,
                391.04901123046877,
                12307.5
            ],
            "ypr": [
                114.427001953125,
                0.0,
                0.0
            ]
        },
        {
            "name": "Land_Roadblock_WoodenCrate",
            "pos": [
                1206.5699462890626,
                391.1090087890625,
                12305.900390625
            ],
            "ypr": [
                175.92698669433595,
                0.0,
                0.0
            ]
        },
        {
            "name": "PileOfWoodenPlanks",
            "pos": [
                1133.60302734375,
                379.41607666015627,
                12322.91015625
            ],
            "ypr": [
                -71.8583984375,
                -0.0,
                -0.0
            ]
        },
        {
            "name": "PileOfWoodenPlanks",
            "pos": [
                1134.998291015625,
                379.4463806152344,
                12322.6767578125
            ],
            "ypr": [
                -71.8583984375,
                -0.0,
                -0.0
            ]
        },
        {
            "name": "Land_Misc_Polytunnel",
            "pos": [
                1215.153076171875,
                381.28521728515627,
                12325.4736328125
            ],
            "ypr": [
                34.35688018798828,
                -0.0,
                -0.0
            ]
        },
        {
            "name": "Land_Mil_Fortified_Nest_Small",
            "pos": [
                1129.1026611328126,
                380.2698669433594,
                12300.130859375
            ],
            "ypr": [
                31.213468551635743,
                -0.0,
                -0.0
            ]
        },
        {
            "name": "Land_Medical_Tent_Big",
            "pos": [
                1147.8599853515626,
                379.5010070800781,
                12314.400390625
            ],
            "ypr": [
                117.80098724365235,
                0.0,
                0.0
            ]
        },
        {
            "name": "Land_Wreck_Ikarus",
            "pos": [
                1153.1083984375,
                380.5575866699219,
                12334.166015625
            ],
            "ypr": [
                0.0,
                -0.0,
                -0.0
            ]
        },
        {
            "name": "Land_Wreck_Lada_Green",
            "pos": [
                1120.31005859375,
                379.3689880371094,
                12287.900390625
            ],
            "ypr": [
                -139.4259796142578,
                0.0,
                0.0
            ]
        },
        {
            "name": "Land_Wreck_Lada_Red",
            "pos": [
                1114.5999755859376,
                378.875,
                12284.5
            ],
            "ypr": [
                -103.05399322509766,
                -6.499999523162842,
                0.0
            ]
        },
        {
            "name": "Land_Wreck_Volha_Grey",
            "pos": [
                1109.18994140625,
                378.2250061035156,
                12282.599609375
            ],
            "ypr": [
                -126.60099029541016,
                -10.5,
                0.4999999701976776
            ]
        },
        {
            "name": "Land_Wreck_hb02_aban2_black",
            "pos": [
                1103.530029296875,
                377.6449890136719,
                12280.400390625
            ],
            "ypr": [
                -101.51199340820313,
                -2.3999998569488527,
                0.0
            ]
        },
        {
            "name": "Land_Wreck_Uaz",
            "pos": [
                1270.3817138671876,
                387.43280029296877,
                12547.916015625
            ],
            "ypr": [
                -152.4639434814453,
                -0.0,
                -0.0
            ]
        },
        {
            "name": "Land_Dead_MassGrave",
            "pos": [
                1275.7918701171876,
                387.0799255371094,
                12557.9404296875
            ],
            "ypr": [
                0.0,
                -0.0,
                -0.0
            ]
        },
        {
            "name": "Land_wreck_truck01_aban2_green",
            "pos": [
                1264.8646240234376,
                386.5595703125,
                12550.0126953125
            ],
            "ypr": [
                50.594139099121097,
                -0.0,
                -0.0
            ]
        }
    ]
}