{
	"Objects": [
{
              "name": "DZ\\plants\\tree\\t_robiniapseudoacacia_2s.p3d",
              "pos": [
              4867.893555,
              26.100685000000006,
              2819.094971
            ],
              "ypr": [
              0,
              0,
              0
              ],
              "scale": 1
          },
{
              "name": "DZ\\plants\\tree\\t_robiniapseudoacacia_2s.p3d",
              "pos": [
              4930.595215,
              25.452579,
              2810.883789
            ],
              "ypr": [
              0,
              0,
              0
              ],
              "scale": 1
          },
{
              "name": "DZ\\plants\\tree\\t_robiniapseudoacacia_2s.p3d",
              "pos": [
              4914.972168,
              24.703754000000004,
              2789.344727
            ],
              "ypr": [
              0,
              0,
              0
              ],
              "scale": 1
          },
{
              "name": "DZ\\plants\\tree\\t_robiniapseudoacacia_2s.p3d",
              "pos": [
              4878.111816,
              25.484047000000004,
              2776.692871
            ],
              "ypr": [
              0,
              0,
              0
              ],
              "scale": 1
          },
{
              "name": "DZ\\plants\\tree\\t_robiniapseudoacacia_1f.p3d",
              "pos": [
              4910.651856,
              26.34799200000001,
              2840.921142999999
            ],
              "ypr": [
              0,
              0,
              0
              ],
              "scale": 1
          },
{
              "name": "DZ\\plants\\tree\\t_quercusrobur_3sb.p3d",
              "pos": [
              4881.732421999998,
              25.50172399999999,
              2804.787841
            ],
              "ypr": [
              0,
              0,
              0
              ],
              "scale": 1
          },
{
              "name": "DZ\\plants\\tree\\t_quercusrobur_3sb.p3d",
              "pos": [
              4930.773436999998,
              26.365188999999987,
              2840.0385739999997
            ],
              "ypr": [
              0,
              0,
              0
              ],
              "scale": 1
          },
{
              "name": "DZ\\plants\\tree\\t_quercusrobur_3sb.p3d",
              "pos": [
              4891.749510999998,
              25.02461999999999,
              2774.977783
            ],
              "ypr": [
              0,
              0,
              0
              ],
              "scale": 1
          },
{
              "name": "DZ\\plants\\tree\\t_quercusrobur_3s.p3d",
              "pos": [
              4861.352050999997,
              25.954338000000007,
              2800.47876
            ],
              "ypr": [
              0,
              0,
              0
              ],
              "scale": 1
          },
{
              "name": "DZ\\plants\\tree\\t_piceaabies_3f_trail_y.p3d",
              "pos": [
              4862.481934,
              26.648201000000007,
              2834.5087890000004
            ],
              "ypr": [
              0,
              0,
              0
              ],
              "scale": 1
          },
{
              "name": "DZ\\plants\\tree\\t_piceaabies_2s.p3d",
              "pos": [
              4852.797364,
              27.46896100000003,
              2845.3442379999988
            ],
              "ypr": [
              0,
              0,
              0
              ],
              "scale": 1
          },
{
              "name": "DZ\\plants\\tree\\t_piceaabies_2s.p3d",
              "pos": [
              4863.716309,
              27.684918000000025,
              2856.323241999999
            ],
              "ypr": [
              0,
              0,
              0
              ],
              "scale": 1
          },
{
              "name": "DZ\\plants\\tree\\t_piceaabies_2s.p3d",
              "pos": [
              4908.962891,
              25.382718000000025,
              2809.551024999999
            ],
              "ypr": [
              0,
              0,
              0
              ],
              "scale": 1
          },
{
              "name": "DZ\\plants\\tree\\t_piceaabies_2s.p3d",
              "pos": [
              4911.641114,
              25.723702000000024,
              2824.474120999999
            ],
              "ypr": [
              0,
              0,
              0
              ],
              "scale": 1
          },
{
              "name": "DZ\\plants\\tree\\t_piceaabies_2s.p3d",
              "pos": [
              4933.75586,
              27.309853000000025,
              2852.314940999999
            ],
              "ypr": [
              0,
              0,
              0
              ],
              "scale": 1
          },
{
              "name": "DZ\\plants\\tree\\t_piceaabies_2s.p3d",
              "pos": [
              4947.964844,
              27.02323200000003,
              2836.570311999999
            ],
              "ypr": [
              0,
              0,
              0
              ],
              "scale": 1
          },
{
              "name": "DZ\\plants\\tree\\t_piceaabies_2s.p3d",
              "pos": [
              4930.669434,
              25.953320000000026,
              2825.871581999999
            ],
              "ypr": [
              0,
              0,
              0
              ],
              "scale": 1
          },
{
              "name": "DZ\\plants\\tree\\t_piceaabies_1f.p3d",
              "pos": [
              4921.952635999998,
              25.573730000000012,
              2818.2739250000013
            ],
              "ypr": [
              0,
              0,
              0
              ],
              "scale": 1
          },
{
              "name": "DZ\\plants\\tree\\t_piceaabies_1f.p3d",
              "pos": [
              4910.021971999998,
              25.53701400000001,
              2819.458496000001
            ],
              "ypr": [
              0,
              0,
              0
              ],
              "scale": 1
          },
{
              "name": "DZ\\plants\\tree\\t_piceaabies_1f.p3d",
              "pos": [
              4869.087401999998,
              25.48633900000001,
              2788.959716000001
            ],
              "ypr": [
              0,
              0,
              0
              ],
              "scale": 1
          },
{
              "name": "DZ\\plants\\tree\\t_piceaabies_1f.p3d",
              "pos": [
              4843.930663999998,
              25.23769700000001,
              2778.502929000001
            ],
              "ypr": [
              0,
              0,
              0
              ],
              "scale": 1
          },
{
              "name": "DZ\\plants\\tree\\t_piceaabies_1f.p3d",
              "pos": [
              4855.683593999998,
              25.43605800000001,
              2772.8918450000015
            ],
              "ypr": [
              0,
              0,
              0
              ],
              "scale": 1
          },
{
              "name": "DZ\\plants\\tree\\t_populusalba_3s.p3d",
              "pos": [
              4476.408204,
              231.69778499999998,
              4597.096679000001
            ],
              "ypr": [
              0,
              0,
              0
              ],
              "scale": 1
          },
{
              "name": "DZ\\plants\\tree\\t_populusalba_3s.p3d",
              "pos": [
              4457.512696,
              236.000001,
              4660.881835000001
            ],
              "ypr": [
              0,
              0,
              0
              ],
              "scale": 1
          },
{
              "name": "DZ\\plants\\tree\\t_populusalba_3s.p3d",
              "pos": [
              4420.328614,
              235.884919,
              4671.307128000001
            ],
              "ypr": [
              0,
              0,
              0
              ],
              "scale": 1
          },
{
              "name": "DZ\\plants\\tree\\t_populusalba_3s.p3d",
              "pos": [
              4349.777833,
              235.124329,
              4688.715331000001
            ],
              "ypr": [
              0,
              0,
              0
              ],
              "scale": 1
          },
{
              "name": "DZ\\plants\\tree\\t_populusalba_3s.p3d",
              "pos": [
              4303.783204,
              242.15677,
              4761.441406000001
            ],
              "ypr": [
              0,
              0,
              0
              ],
              "scale": 1
          },
{
              "name": "DZ\\plants\\tree\\t_populusalba_3s.p3d",
              "pos": [
              4335.899415,
              231.500001,
              4625.534667000001
            ],
              "ypr": [
              0,
              0,
              0
              ],
              "scale": 1
          },
{
              "name": "DZ\\plants\\tree\\t_populusalba_3s.p3d",
              "pos": [
              4407.121583,
              234.089341,
              4651.848632000001
            ],
              "ypr": [
              0,
              0,
              0
              ],
              "scale": 1
          },
{
              "name": "DZ\\plants\\tree\\t_populusalba_3s.p3d",
              "pos": [
              4398.760743,
              236.000001,
              4700.017089000001
            ],
              "ypr": [
              0,
              0,
              0
              ],
              "scale": 1
          },
{
              "name": "DZ\\plants\\tree\\t_populusalba_3s.p3d",
              "pos": [
              4339.264161,
              232.921265,
              4672.0766600000015
            ],
              "ypr": [
              0,
              0,
              0
              ],
              "scale": 1
          },
{
              "name": "DZ\\plants\\tree\\t_populusalba_3s.p3d",
              "pos": [
              4449.750001,
              236.15886,
              4684.9531240000015
            ],
              "ypr": [
              0,
              0,
              0
              ],
              "scale": 1
          },
{
              "name": "DZ\\plants\\tree\\t_populusalba_3s.p3d",
              "pos": [
              4480.22461,
              235.17044099999998,
              4629.9223630000015
            ],
              "ypr": [
              0,
              0,
              0
              ],
              "scale": 1
          },
{
              "name": "DZ\\plants\\tree\\t_populusalba_3s.p3d",
              "pos": [
              4464.394043,
              229.40223799999998,
              4581.707031000001
            ],
              "ypr": [
              0,
              0,
              0
              ],
              "scale": 1
          },
{
              "name": "DZ\\plants\\tree\\t_populusalba_3s.p3d",
              "pos": [
              4500.019532,
              231.402222,
              4577.196289000001
            ],
              "ypr": [
              0,
              0,
              0
              ],
              "scale": 1
          },
{
              "name": "DZ\\plants\\tree\\t_populusalba_3s.p3d",
              "pos": [
              4501.0834970000005,
              227.09381199999999,
              4542.757812000001
            ],
              "ypr": [
              0,
              0,
              0
              ],
              "scale": 1
          },
{
              "name": "DZ\\plants\\tree\\t_populusalba_2s.p3d",
              "pos": [
              4498.0522459999975,
              228.767716,
              4561.466309
            ],
              "ypr": [
              0,
              0,
              0
              ],
              "scale": 1
          },
{
              "name": "DZ\\plants\\tree\\t_populusalba_2s.p3d",
              "pos": [
              4453.7714849999975,
              230.020813,
              4574.252441
            ],
              "ypr": [
              0,
              0,
              0
              ],
              "scale": 1
          },
{
              "name": "DZ\\plants\\tree\\t_populusalba_2s.p3d",
              "pos": [
              4412.542968999997,
              231.99672,
              4597.089844
            ],
              "ypr": [
              0,
              0,
              0
              ],
              "scale": 1
          },
{
              "name": "DZ\\plants\\tree\\t_populusalba_2s.p3d",
              "pos": [
              4369.858398999997,
              232,
              4600.209473
            ],
              "ypr": [
              0,
              0,
              0
              ],
              "scale": 1
          },
{
              "name": "DZ\\plants\\tree\\t_populusalba_2s.p3d",
              "pos": [
              4454.469726999997,
              235.14795,
              4637.302734
            ],
              "ypr": [
              0,
              0,
              0
              ],
              "scale": 1
          },
{
              "name": "DZ\\plants\\tree\\t_populusalba_2s.p3d",
              "pos": [
              4451.763671999997,
              231.795182,
              4607.962891
            ],
              "ypr": [
              0,
              0,
              0
              ],
              "scale": 1
          },
{
              "name": "DZ\\plants\\tree\\t_robiniapseudoacacia_2f.p3d",
              "pos": [
              4480.372559,
              230.248764,
              4583.436035999999
            ],
              "ypr": [
              0,
              0,
              0
              ],
              "scale": 1
          },
{
              "name": "DZ\\plants\\tree\\t_robiniapseudoacacia_2s.p3d",
              "pos": [
              4356.079102,
              232.229187,
              4662.924805
            ],
              "ypr": [
              0,
              0,
              0
              ],
              "scale": 1
          },
{
              "name": "DZ\\plants\\tree\\t_robiniapseudoacacia_2s.p3d",
              "pos": [
              4328.353516,
              237.73909,
              4732.103028
            ],
              "ypr": [
              0,
              0,
              0
              ],
              "scale": 1
          },
{
              "name": "DZ\\plants\\tree\\t_robiniapseudoacacia_2s.p3d",
              "pos": [
              4386.615723,
              238.710114,
              4728.461914
            ],
              "ypr": [
              0,
              0,
              0
              ],
              "scale": 1
          },
{
              "name": "DZ\\plants\\tree\\t_robiniapseudoacacia_2s.p3d",
              "pos": [
              4349.650391,
              237.284622,
              4724.953614
            ],
              "ypr": [
              0,
              0,
              0
              ],
              "scale": 1
          },
{
              "name": "DZ\\plants\\tree\\t_robiniapseudoacacia_2s.p3d",
              "pos": [
              4549.794922,
              232.807877,
              4565.987305
            ],
              "ypr": [
              0,
              0,
              0
              ],
              "scale": 1
          },
{
              "name": "DZ\\plants\\tree\\t_robiniapseudoacacia_2s.p3d",
              "pos": [
              4593.625977,
              233.769989,
              4523.401856
            ],
              "ypr": [
              0,
              0,
              0
              ],
              "scale": 1
          },
{
              "name": "DZ\\plants\\tree\\t_robiniapseudoacacia_2s.p3d",
              "pos": [
              4553.79834,
              229.895905,
              4475.609864
            ],
              "ypr": [
              0,
              0,
              0
              ],
              "scale": 1
          },
{
              "name": "DZ\\plants\\tree\\t_robiniapseudoacacia_2s.p3d",
              "pos": [
              4490.003906,
              233.264069,
              4603.937989
            ],
              "ypr": [
              0,
              0,
              0
              ],
              "scale": 1
          },
{
              "name": "DZ\\plants\\tree\\t_quercusrobur_3sb.p3d",
              "pos": [
              4439.317382999998,
              235.9664,
              4672.199707
            ],
              "ypr": [
              0,
              0,
              0
              ],
              "scale": 1
          },
{
              "name": "DZ\\plants\\tree\\t_quercusrobur_3sb.p3d",
              "pos": [
              4381.142577999998,
              232.02171299999998,
              4647.689941
            ],
              "ypr": [
              0,
              0,
              0
              ],
              "scale": 1
          },
{
              "name": "DZ\\plants\\tree\\t_robiniapseudoacacia_2s.p3d",
              "pos": [
              4411.385254,
              232,
              4626.14209
            ],
              "ypr": [
              0,
              0,
              0
              ],
              "scale": 1
          },
{
              "name": "DZ\\plants\\tree\\t_robiniapseudoacacia_2s.p3d",
              "pos": [
              4434.90918,
              233.13797,
              4635.529297
            ],
              "ypr": [
              0,
              0,
              0
              ],
              "scale": 1
          },
{
              "name": "DZ\\plants\\tree\\t_robiniapseudoacacia_2s.p3d",
              "pos": [
              4430.206055,
              230.804642,
              4577.646485
            ],
              "ypr": [
              0,
              0,
              0
              ],
              "scale": 1
          },
{
              "name": "DZ\\plants\\tree\\t_robiniapseudoacacia_2s.p3d",
              "pos": [
              4515.108398,
              238.103607,
              4628.687012
            ],
              "ypr": [
              0,
              0,
              0
              ],
              "scale": 1
          },
{
              "name": "DZ\\plants\\tree\\t_robiniapseudoacacia_2s.p3d",
              "pos": [
              4247.208496,
              244.634399,
              4836.355957
            ],
              "ypr": [
              0,
              0,
              0
              ],
              "scale": 1
          },
{
              "name": "DZ\\plants\\clutter\\c_elytrigia_green.p3d",
              "pos": [
              4357.160156000001,
              232.07714900000002,
              4662.422850999999
            ],
              "ypr": [
              0,
              0,
              0
              ],
              "scale": 1
          },
{
              "name": "DZ\\plants\\clutter\\c_elytrigia_green.p3d",
              "pos": [
              4361.618652000001,
              232.001587,
              4659.873046999999
            ],
              "ypr": [
              0,
              0,
              0
              ],
              "scale": 1
          },
{
              "name": "DZ\\plants\\clutter\\c_elytrigia_green.p3d",
              "pos": [
              4357.840332000001,
              232.02525400000002,
              4661.647948999999
            ],
              "ypr": [
              0,
              0,
              0
              ],
              "scale": 1
          },
{
              "name": "DZ\\plants\\clutter\\c_elytrigia_green.p3d",
              "pos": [
              4360.977051000001,
              231.97078000000002,
              4657.3095699999985
            ],
              "ypr": [
              0,
              0,
              0
              ],
              "scale": 1
          },
{
              "name": "DZ\\plants\\clutter\\c_elytrigia_green.p3d",
              "pos": [
              4356.863770000001,
              232.05867,
              4658.549315999999
            ],
              "ypr": [
              0,
              0,
              0
              ],
              "scale": 1
          },
{
              "name": "DZ\\plants\\clutter\\c_elytrigia_green.p3d",
              "pos": [
              4359.822266000001,
              232.012085,
              4660.660155999999
            ],
              "ypr": [
              0,
              0,
              0
              ],
              "scale": 1
          },
{
              "name": "DZ\\plants\\clutter\\c_elytrigia_green.p3d",
              "pos": [
              4359.467774000001,
              232.03886400000002,
              4662.668456999999
            ],
              "ypr": [
              0,
              0,
              0
              ],
              "scale": 1
          },
{
              "name": "DZ\\plants\\clutter\\c_elytrigia_green.p3d",
              "pos": [
              4358.719238000001,
              232.021546,
              4661.369628999999
            ],
              "ypr": [
              0,
              0,
              0
              ],
              "scale": 1
          },
{
              "name": "DZ\\plants\\clutter\\c_elytrigia_green.p3d",
              "pos": [
              4368.280762000001,
              233.44111700000002,
              4676.663573999999
            ],
              "ypr": [
              0,
              0,
              0
              ],
              "scale": 1
          },
{
              "name": "DZ\\plants\\clutter\\c_elytrigia_green.p3d",
              "pos": [
              4368.228027000001,
              233.60221900000002,
              4677.973631999999
            ],
              "ypr": [
              0,
              0,
              0
              ],
              "scale": 1
          },
{
              "name": "DZ\\plants\\clutter\\c_elytrigia_green.p3d",
              "pos": [
              4366.825684000001,
              233.44464100000002,
              4677.692870999999
            ],
              "ypr": [
              0,
              0,
              0
              ],
              "scale": 1
          },
{
              "name": "DZ\\plants\\clutter\\c_elytrigia_green.p3d",
              "pos": [
              4365.233399000001,
              233.297303,
              4677.454588999999
            ],
              "ypr": [
              0,
              0,
              0
              ],
              "scale": 1
          },
{
              "name": "DZ\\plants\\clutter\\c_elytrigia_green.p3d",
              "pos": [
              4365.023926000001,
              233.118348,
              4675.9814449999985
            ],
              "ypr": [
              0,
              0,
              0
              ],
              "scale": 1
          },
{
              "name": "DZ\\plants\\clutter\\c_elytrigia_green.p3d",
              "pos": [
              4365.508301000001,
              233.44532800000002,
              4678.603514999999
            ],
              "ypr": [
              0,
              0,
              0
              ],
              "scale": 1
          },
{
              "name": "DZ\\plants\\clutter\\c_elytrigia_green.p3d",
              "pos": [
              4363.912110000001,
              233.26812800000002,
              4677.9814449999985
            ],
              "ypr": [
              0,
              0,
              0
              ],
              "scale": 1
          },
{
              "name": "DZ\\plants\\clutter\\c_elytrigia_green.p3d",
              "pos": [
              4363.726563000001,
              233.033478,
              4675.968749999999
            ],
              "ypr": [
              0,
              0,
              0
              ],
              "scale": 1
          },
{
              "name": "DZ\\plants\\clutter\\c_elytrigia_green.p3d",
              "pos": [
              4363.030762000001,
              233.10385200000002,
              4677.006835999999
            ],
              "ypr": [
              0,
              0,
              0
              ],
              "scale": 1
          },
{
              "name": "DZ\\plants\\clutter\\c_elytrigia_green.p3d",
              "pos": [
              4363.312012000001,
              233.408997,
              4679.601561999999
            ],
              "ypr": [
              0,
              0,
              0
              ],
              "scale": 1
          },
{
              "name": "DZ\\plants\\clutter\\c_elytrigia_green.p3d",
              "pos": [
              4358.085938000001,
              233.812851,
              4686.592284999999
            ],
              "ypr": [
              0,
              0,
              0
              ],
              "scale": 1
          },
{
              "name": "DZ\\plants\\clutter\\c_elytrigia_green.p3d",
              "pos": [
              4358.507813000001,
              234.052185,
              4688.432616999999
            ],
              "ypr": [
              0,
              0,
              0
              ],
              "scale": 1
          },
{
              "name": "DZ\\plants\\clutter\\c_elytrigia_green.p3d",
              "pos": [
              4358.687988000001,
              233.959427,
              4687.508299999999
            ],
              "ypr": [
              0,
              0,
              0
              ],
              "scale": 1
          },
{
              "name": "DZ\\plants\\clutter\\c_elytrigia_green.p3d",
              "pos": [
              4359.824707000001,
              234.030762,
              4687.403807999999
            ],
              "ypr": [
              0,
              0,
              0
              ],
              "scale": 1
          },
{
              "name": "DZ\\plants\\clutter\\c_elytrigia_green.p3d",
              "pos": [
              4358.048828000001,
              232.044251,
              4663.072264999999
            ],
              "ypr": [
              0,
              0,
              0
              ],
              "scale": 1
          },
{
              "name": "DZ\\plants\\clutter\\c_elytrigia_green.p3d",
              "pos": [
              4362.417481000001,
              234.37854000000002,
              4688.7783199999985
            ],
              "ypr": [
              0,
              0,
              0
              ],
              "scale": 1
          },
{
              "name": "DZ\\plants\\clutter\\c_elytrigia_green.p3d",
              "pos": [
              4362.280274000001,
              234.266526,
              4687.889159999999
            ],
              "ypr": [
              0,
              0,
              0
              ],
              "scale": 1
          },
{
              "name": "DZ\\plants\\clutter\\c_elytrigia_green.p3d",
              "pos": [
              4363.280274000001,
              234.24466,
              4687.059081999999
            ],
              "ypr": [
              0,
              0,
              0
              ],
              "scale": 1
          },
{
              "name": "DZ\\plants\\clutter\\c_elytrigia_green.p3d",
              "pos": [
              4392.506348000001,
              235.790985,
              4684.486327999999
            ],
              "ypr": [
              0,
              0,
              0
              ],
              "scale": 1
          },
{
              "name": "DZ\\plants\\clutter\\c_elytrigia_green.p3d",
              "pos": [
              4393.621582000001,
              235.797501,
              4683.9189449999985
            ],
              "ypr": [
              0,
              0,
              0
              ],
              "scale": 1
          },
{
              "name": "DZ\\plants\\clutter\\c_elytrigia_green.p3d",
              "pos": [
              4392.827149000001,
              235.774689,
              4683.274901999999
            ],
              "ypr": [
              0,
              0,
              0
              ],
              "scale": 1
          },
{
              "name": "DZ\\plants\\clutter\\c_elytrigia_green.p3d",
              "pos": [
              4391.079102000001,
              235.73732,
              4683.206053999999
            ],
              "ypr": [
              0,
              0,
              0
              ],
              "scale": 1
          },
{
              "name": "DZ\\plants\\clutter\\c_elytrigia_green.p3d",
              "pos": [
              4356.721192000001,
              231.947892,
              4614.472167999999
            ],
              "ypr": [
              0,
              0,
              0
              ],
              "scale": 1
          },
{
              "name": "DZ\\plants\\clutter\\c_elytrigia_green.p3d",
              "pos": [
              4355.598145000001,
              231.873032,
              4613.574706999999
            ],
              "ypr": [
              0,
              0,
              0
              ],
              "scale": 1
          },
{
              "name": "DZ\\plants\\clutter\\c_elytrigia_green.p3d",
              "pos": [
              4353.219238000001,
              231.71443200000002,
              4613.313963999999
            ],
              "ypr": [
              0,
              0,
              0
              ],
              "scale": 1
          },
{
              "name": "DZ\\plants\\clutter\\c_elytrigia_green.p3d",
              "pos": [
              4353.832520000001,
              231.755326,
              4614.627928999999
            ],
              "ypr": [
              0,
              0,
              0
              ],
              "scale": 1
          },
{
              "name": "DZ\\plants\\clutter\\c_elytrigia_green.p3d",
              "pos": [
              4343.323731000001,
              237.756211,
              4728.843749999999
            ],
              "ypr": [
              0,
              0,
              0
              ],
              "scale": 1
          },
{
              "name": "DZ\\plants\\clutter\\c_elytrigia_green.p3d",
              "pos": [
              4344.542969000001,
              237.627579,
              4727.254881999999
            ],
              "ypr": [
              0,
              0,
              0
              ],
              "scale": 1
          },
{
              "name": "DZ\\plants\\clutter\\c_elytrigia_green.p3d",
              "pos": [
              4342.325195000001,
              237.55972300000002,
              4724.290526999999
            ],
              "ypr": [
              0,
              0,
              0
              ],
              "scale": 1
          },
{
              "name": "DZ\\plants\\clutter\\c_elytrigia_green.p3d",
              "pos": [
              4346.019531000001,
              237.56985500000002,
              4727.169432999999
            ],
              "ypr": [
              0,
              0,
              0
              ],
              "scale": 1
          },
{
              "name": "DZ\\plants\\clutter\\c_elytrigiatall.p3d",
              "pos": [
              4345.874512,
              237.50701899999999,
              4725.896484
            ],
              "ypr": [
              0,
              0,
              0
              ],
              "scale": 1
          },
{
              "name": "DZ\\plants\\clutter\\c_elytrigiatall.p3d",
              "pos": [
              4343.646973,
              237.419769,
              4722.448242
            ],
              "ypr": [
              0,
              0,
              0
              ],
              "scale": 1
          },
{
              "name": "DZ\\plants\\clutter\\c_elytrigiatall.p3d",
              "pos": [
              4336.276367,
              238.35234,
              4734.304199
            ],
              "ypr": [
              0,
              0,
              0
              ],
              "scale": 1
          },
{
              "name": "DZ\\plants\\clutter\\c_elytrigiatall.p3d",
              "pos": [
              4323.330078,
              240.444061,
              4754.4375
            ],
              "ypr": [
              0,
              0,
              0
              ],
              "scale": 1
          },
{
              "name": "DZ\\plants\\clutter\\c_elytrigiatall.p3d",
              "pos": [
              4356.362305,
              235.43949899999998,
              4701.062988
            ],
              "ypr": [
              0,
              0,
              0
              ],
              "scale": 1
          },
{
              "name": "DZ\\plants\\clutter\\c_elytrigiatall.p3d",
              "pos": [
              4358.976074,
              234.25476,
              4689.880371
            ],
              "ypr": [
              0,
              0,
              0
              ],
              "scale": 1
          },
{
              "name": "DZ\\plants\\clutter\\c_elytrigiatall.p3d",
              "pos": [
              4375.027344,
              234.192611,
              4677.159668
            ],
              "ypr": [
              0,
              0,
              0
              ],
              "scale": 1
          },
{
              "name": "DZ\\plants\\clutter\\c_elytrigiatall.p3d",
              "pos": [
              4394.095215,
              235.784912,
              4682.78125
            ],
              "ypr": [
              0,
              0,
              0
              ],
              "scale": 1
          },
{
              "name": "DZ\\plants\\clutter\\c_elytrigiatall.p3d",
              "pos": [
              4412.041016,
              235.999862,
              4680.639648
            ],
              "ypr": [
              0,
              0,
              0
              ],
              "scale": 1
          },
{
              "name": "DZ\\plants\\clutter\\c_elytrigia_green.p3d",
              "pos": [
              4357.512207000001,
              232.05934200000002,
              4664.203612999999
            ],
              "ypr": [
              0,
              0,
              0
              ],
              "scale": 1
          },
{
              "name": "DZ\\plants\\clutter\\c_elytrigiatall.p3d",
              "pos": [
              4356.991211,
              231.97734,
              4657.530273
            ],
              "ypr": [
              0,
              0,
              0
              ],
              "scale": 1
          },
{
              "name": "DZ\\plants\\clutter\\c_elytrigiatall.p3d",
              "pos": [
              4355.264648,
              231.851745,
              4616.6875
            ],
              "ypr": [
              0,
              0,
              0
              ],
              "scale": 1
          },
{
              "name": "DZ\\plants\\clutter\\c_elytrigiatall.p3d",
              "pos": [
              4361.186523,
              231.999862,
              4602.454102
            ],
              "ypr": [
              0,
              0,
              0
              ],
              "scale": 1
          },
{
              "name": "DZ\\plants\\clutter\\c_elytrigiatall.p3d",
              "pos": [
              4357.90918,
              231.99796999999998,
              4659.604492
            ],
              "ypr": [
              0,
              0,
              0
              ],
              "scale": 1
          },
{
              "name": "DZ\\plants\\clutter\\c_elytrigiadirt.p3d",
              "pos": [
              4360.279784999999,
              231.983643,
              4658.512695
            ],
              "ypr": [
              0,
              0,
              0
              ],
              "scale": 1
          },
{
              "name": "DZ\\plants\\clutter\\c_elytrigiadirt.p3d",
              "pos": [
              4362.027343999999,
              232.392777,
              4668.811524000001
            ],
              "ypr": [
              0,
              0,
              0
              ],
              "scale": 1
          },
{
              "name": "DZ\\plants\\clutter\\c_elytrigiadirt.p3d",
              "pos": [
              4358.852538999999,
              234.862732,
              4696.639649000001
            ],
              "ypr": [
              0,
              0,
              0
              ],
              "scale": 1
          },
{
              "name": "DZ\\plants\\clutter\\c_elytrigiadirt.p3d",
              "pos": [
              4356.192870999999,
              235.380921,
              4700.262207000001
            ],
              "ypr": [
              0,
              0,
              0
              ],
              "scale": 1
          },
{
              "name": "DZ\\plants\\clutter\\c_elytrigiadirt.p3d",
              "pos": [
              4349.177245999999,
              237.09918199999998,
              4720.852051000001
            ],
              "ypr": [
              0,
              0,
              0
              ],
              "scale": 1
          },
{
              "name": "DZ\\plants\\clutter\\c_elytrigiadirt.p3d",
              "pos": [
              4337.478515999999,
              238.213959,
              4732.779297
            ],
              "ypr": [
              0,
              0,
              0
              ],
              "scale": 1
          },
{
              "name": "DZ\\plants\\clutter\\c_elytrigiadirt.p3d",
              "pos": [
              4323.334960999999,
              240.11175599999999,
              4750.156738000001
            ],
              "ypr": [
              0,
              0,
              0
              ],
              "scale": 1
          },
{
              "name": "DZ\\plants\\clutter\\c_elytrigiadirt.p3d",
              "pos": [
              4344.488768999999,
              237.54084799999998,
              4725.556152
            ],
              "ypr": [
              0,
              0,
              0
              ],
              "scale": 1
          },
{
              "name": "DZ\\plants\\clutter\\c_elytrigiadirt.p3d",
              "pos": [
              4373.358886999999,
              234.124817,
              4678.220703000001
            ],
              "ypr": [
              0,
              0,
              0
              ],
              "scale": 1
          },
{
              "name": "DZ\\plants\\clutter\\c_elytrigiadirt.p3d",
              "pos": [
              4385.775878999999,
              235.53800999999999,
              4681.858399000001
            ],
              "ypr": [
              0,
              0,
              0
              ],
              "scale": 1
          },
{
              "name": "DZ\\plants\\clutter\\c_elytrigiadirt.p3d",
              "pos": [
              4428.288573999999,
              235.96666,
              4675.4912110000005
            ],
              "ypr": [
              0,
              0,
              0
              ],
              "scale": 1
          },
{
              "name": "staticobj_hotel_damaged_airplane_back",
              "pos": [
              4293.468262,
              229.043198,
              4670.865234
            ],
              "ypr": [
              0,
              0,
              0
              ],
              "scale": 1
          },
{
              "name": "staticobj_hotel_damaged_airplane_wing",
              "pos": [
              4238.567383,
              235.445068,
              4739.248535
            ],
              "ypr": [
              18.000006,
              0,
              0
              ],
              "scale": 1
          },
{
              "name": "DZ\\plants\\tree\\t_fraxinusexcelsior_2s.p3d",
              "pos": [
              4297.000487999997,
              226.093277,
              4687.3994139999995
            ],
              "ypr": [
              -76.402115,
              0,
              49.999989
              ],
              "scale": 1
          },
{
              "name": "DZ\\plants\\tree\\t_naked_2s.p3d",
              "pos": [
              4272.301269999997,
              222.494232,
              4690.614257
            ],
              "ypr": [
              -130.64032,
              0,
              80
              ],
              "scale": 1
          },
{
              "name": "DZ\\plants\\tree\\t_populusalba_2s.p3d",
              "pos": [
              4246.258788999998,
              231.248749,
              4753.270508
            ],
              "ypr": [
              -115.640205,
              0,
              67.999992
              ],
              "scale": 1
          },
{
              "name": "DZ\\plants\\tree\\t_malusdomestica_2s.p3d",
              "pos": [
              4258.5224610000005,
              235.207383,
              4757.166017
            ],
              "ypr": [
              -53.999996,
              0,
              62.000011
              ],
              "scale": 1
          },
{
              "name": "DZ\\plants\\tree\\t_fraxinusexcelsior_3s.p3d",
              "pos": [
              4246.351563,
              240.1772,
              4789.786132
            ],
              "ypr": [
              84.000031,
              0,
              -21.000008
              ],
              "scale": 1
          },
{
              "name": "staticobj_furniture_box_c",
              "pos": [
              4271.209961,
              236.657578,
              4740.25
            ],
              "ypr": [
              0,
              0,
              0
              ],
              "scale": 1
          },
{
              "name": "staticobj_furniture_box_c",
              "pos": [
              4262.65625,
              234.459274,
              4723.455566
            ],
              "ypr": [
              44,
              0,
              0
              ],
              "scale": 1
          },
{
              "name": "staticobj_furniture_box_c",
              "pos": [
              4251.619141,
              234.647888,
              4732.760742
            ],
              "ypr": [
              84.000023,
              0,
              0
              ],
              "scale": 1
          },
{
              "name": "DZ\\plants\\clutter\\c_elytrigia_green.p3d",
              "pos": [
              4366.358887000001,
              233.864792,
              4681.554198999999
            ],
              "ypr": [
              0,
              0,
              0
              ],
              "scale": 1
          },
{
              "name": "staticobj_furniture_box_c",
              "pos": [
              4272.228027,
              233.898392,
              4713.549805
            ],
              "ypr": [
              84.000023,
              0,
              0
              ],
              "scale": 1
          },
{
              "name": "staticobj_furniture_box_c",
              "pos": [
              4278.163574,
              243.325287,
              4771.561523
            ],
              "ypr": [
              84.000023,
              0,
              0
              ],
              "scale": 1
          },
{
              "name": "DZ\\plants\\clutter\\c_elytrigiatall.p3d",
              "pos": [
              4430.90625,
              235.966293,
              4674.962402
            ],
              "ypr": [
              0,
              0,
              0
              ],
              "scale": 1
          },
{
              "name": "DZ\\plants\\tree\\t_naked_1s.p3d",
              "pos": [
              4278.4428709999975,
              233.148544,
              4734.836914
            ],
              "ypr": [
              -76.402115,
              0,
              64.000008
              ],
              "scale": 1
          },
{
              "name": "staticobj_wreck_hmmwv",
              "pos": [
              4505.963379,
              227.524979,
              4512.546875
            ],
              "ypr": [
              164.004639,
              -3,
              0
              ],
              "scale": 1
          },
{
              "name": "Land_Wreck_V3S",
              "pos": [
              4497.882813,
              228.518707,
              4530.32373
            ],
              "ypr": [
              -23.000013,
              0,
              0
              ],
              "scale": 1
          },
{
              "name": "Land_Wreck_Uaz",
              "pos": [
              4500.961426,
              227.682129,
              4525.799316
            ],
              "ypr": [
              0,
              0,
              0
              ],
              "scale": 1
          },
{
              "name": "Land_Wreck_V3S",
              "pos": [
              4496.490723,
              228.647675,
              4537.861328
            ],
              "ypr": [
              0,
              0,
              0
              ],
              "scale": 1
          },
{
              "name": "Land_Wreck_V3S",
              "pos": [
              4493.337891,
              228.725449,
              4546.170898
            ],
              "ypr": [
              -33.000015,
              1,
              0
              ],
              "scale": 1
          },
{
              "name": "Land_Wreck_V3S",
              "pos": [
              4490.668457,
              229.461319,
              4562.135742
            ],
              "ypr": [
              0,
              5,
              0
              ],
              "scale": 1
          },
{
              "name": "staticobj_wreck_ural",
              "pos": [
              4520.344727,
              226.909576,
              4477.328613
            ],
              "ypr": [
              124.000397,
              0,
              0
              ],
              "scale": 1
          },
{
              "name": "DZ\\plants\\clutter\\c_elytrigia_green.p3d",
              "pos": [
              4507.387207000001,
              226.650849,
              4515.003417999999
            ],
              "ypr": [
              0,
              0,
              0
              ],
              "scale": 1
          },
{
              "name": "DZ\\plants\\clutter\\c_elytrigia_green.p3d",
              "pos": [
              4500.447266000001,
              226.81277500000002,
              4523.634276999999
            ],
              "ypr": [
              0,
              0,
              0
              ],
              "scale": 1
          },
{
              "name": "DZ\\plants\\clutter\\c_elytrigia_green.p3d",
              "pos": [
              4502.239746000001,
              226.851029,
              4527.221190999999
            ],
              "ypr": [
              0,
              0,
              0
              ],
              "scale": 1
          },
{
              "name": "DZ\\plants\\clutter\\c_elytrigia_green.p3d",
              "pos": [
              4511.077149000001,
              226.430939,
              4504.236815999999
            ],
              "ypr": [
              0,
              0,
              0
              ],
              "scale": 1
          },
{
              "name": "DZ\\plants\\clutter\\c_elytrigia_green.p3d",
              "pos": [
              4510.299317000001,
              226.26326,
              4495.748046999999
            ],
              "ypr": [
              0,
              0,
              0
              ],
              "scale": 1
          },
{
              "name": "DZ\\plants\\clutter\\c_elytrigia_green.p3d",
              "pos": [
              4513.451660000001,
              226.185517,
              4493.483885999999
            ],
              "ypr": [
              0,
              0,
              0
              ],
              "scale": 1
          },
{
              "name": "DZ\\plants\\clutter\\c_elytrigia_green.p3d",
              "pos": [
              4521.820313000001,
              225.62210100000001,
              4474.592772999999
            ],
              "ypr": [
              0,
              0,
              0
              ],
              "scale": 1
          },
{
              "name": "DZ\\plants\\clutter\\c_elytrigia_green.p3d",
              "pos": [
              4518.190430000001,
              225.676346,
              4475.122557999999
            ],
              "ypr": [
              0,
              0,
              0
              ],
              "scale": 1
          },
{
              "name": "DZ\\plants\\clutter\\c_elytrigia_green.p3d",
              "pos": [
              4518.020996000001,
              225.751831,
              4477.654784999999
            ],
              "ypr": [
              0,
              0,
              0
              ],
              "scale": 1
          },
{
              "name": "DZ\\plants\\clutter\\c_elytrigia_green.p3d",
              "pos": [
              4517.435547000001,
              226.04435800000002,
              4489.041991999999
            ],
              "ypr": [
              0,
              0,
              0
              ],
              "scale": 1
          },
{
              "name": "DZ\\plants\\clutter\\c_elytrigia_green.p3d",
              "pos": [
              4498.461914000001,
              227.036515,
              4537.944335999999
            ],
              "ypr": [
              0,
              0,
              0
              ],
              "scale": 1
          },
{
              "name": "DZ\\plants\\clutter\\c_elytrigia_green.p3d",
              "pos": [
              4497.518067000001,
              227.00657700000002,
              4535.831542999999
            ],
              "ypr": [
              0,
              0,
              0
              ],
              "scale": 1
          },
{
              "name": "DZ\\plants\\clutter\\c_elytrigia_green.p3d",
              "pos": [
              4495.241211000001,
              227.10221900000002,
              4540.544432999999
            ],
              "ypr": [
              0,
              0,
              0
              ],
              "scale": 1
          },
{
              "name": "DZ\\plants\\clutter\\c_elytrigia_green.p3d",
              "pos": [
              4491.049317000001,
              227.750946,
              4558.223631999999
            ],
              "ypr": [
              0,
              0,
              0
              ],
              "scale": 1
          },
{
              "name": "DZ\\plants\\clutter\\c_elytrigia_green.p3d",
              "pos": [
              4489.448731000001,
              227.729615,
              4558.830565999999
            ],
              "ypr": [
              0,
              0,
              0
              ],
              "scale": 1
          },
{
              "name": "DZ\\plants\\clutter\\c_elytrigia_green.p3d",
              "pos": [
              4489.358887000001,
              228.06926,
              4563.010741999999
            ],
              "ypr": [
              0,
              0,
              0
              ],
              "scale": 1
          },
{
              "name": "DZ\\plants\\clutter\\c_elytrigia_green.p3d",
              "pos": [
              4493.479492000001,
              227.26944,
              4548.292967999999
            ],
              "ypr": [
              0,
              0,
              0
              ],
              "scale": 1
          },
{
              "name": "DZ\\plants\\clutter\\c_elytrigia_green.p3d",
              "pos": [
              4492.583985000001,
              227.29628,
              4549.266112999999
            ],
              "ypr": [
              0,
              0,
              0
              ],
              "scale": 1
          },
{
              "name": "DZ\\plants\\clutter\\c_elytrigia_green.p3d",
              "pos": [
              4526.877930000001,
              225.276169,
              4466.098143999999
            ],
              "ypr": [
              0,
              0,
              0
              ],
              "scale": 1
          },
{
              "name": "DZ\\plants\\clutter\\c_elytrigia_green.p3d",
              "pos": [
              4525.858887000001,
              225.293854,
              4466.190917999999
            ],
              "ypr": [
              0,
              0,
              0
              ],
              "scale": 1
          },
{
              "name": "DZ\\plants\\clutter\\c_elytrigia_green.p3d",
              "pos": [
              4523.804688000001,
              225.23451300000002,
              4463.705077999999
            ],
              "ypr": [
              0,
              0,
              0
              ],
              "scale": 1
          },
{
              "name": "DZ\\plants\\clutter\\c_elytrigia_green.p3d",
              "pos": [
              4523.525391000001,
              225.16107200000002,
              4461.699217999999
            ],
              "ypr": [
              0,
              0,
              0
              ],
              "scale": 1
          },
{
              "name": "DZ\\plants\\clutter\\c_elytrigia_green.p3d",
              "pos": [
              4527.625488000001,
              225.22399900000002,
              4464.967284999999
            ],
              "ypr": [
              0,
              0,
              0
              ],
              "scale": 1
          },
{
              "name": "DZ\\plants\\clutter\\c_elytrigia_green.p3d",
              "pos": [
              4522.009277000001,
              225.312973,
              4465.191405999999
            ],
              "ypr": [
              0,
              0,
              0
              ],
              "scale": 1
          },
{
              "name": "DZ\\plants\\clutter\\c_elytrigia_green.p3d",
              "pos": [
              4522.886231000001,
              225.23138500000002,
              4463.244139999999
            ],
              "ypr": [
              0,
              0,
              0
              ],
              "scale": 1
          },
{
              "name": "DZ\\plants\\clutter\\c_elytrigia_green.p3d",
              "pos": [
              4528.846192000001,
              224.990799,
              4459.537108999999
            ],
              "ypr": [
              0,
              0,
              0
              ],
              "scale": 1
          },
{
              "name": "DZ\\plants\\clutter\\c_elytrigia_green.p3d",
              "pos": [
              4528.171875000001,
              224.943299,
              4458.192381999999
            ],
              "ypr": [
              0,
              0,
              0
              ],
              "scale": 1
          },
{
              "name": "DZ\\plants\\clutter\\c_elytrigia_green.p3d",
              "pos": [
              4527.311035000001,
              224.904038,
              4456.953124999999
            ],
              "ypr": [
              0,
              0,
              0
              ],
              "scale": 1
          },
{
              "name": "DZ\\plants\\clutter\\c_elytrigia_green.p3d",
              "pos": [
              4526.862305000001,
              224.97087100000002,
              4458.388182999999
            ],
              "ypr": [
              0,
              0,
              0
              ],
              "scale": 1
          },
{
              "name": "DZ\\plants\\clutter\\c_elytrigia_green.p3d",
              "pos": [
              4530.313965000001,
              224.89589,
              4457.835936999999
            ],
              "ypr": [
              0,
              0,
              0
              ],
              "scale": 1
          },
{
              "name": "DZ\\plants\\clutter\\c_elytrigia_green.p3d",
              "pos": [
              4535.077637000001,
              224.246552,
              4444.620604999999
            ],
              "ypr": [
              0,
              0,
              0
              ],
              "scale": 1
          },
{
              "name": "DZ\\plants\\clutter\\c_elytrigia_green.p3d",
              "pos": [
              4530.869629000001,
              224.238266,
              4442.235838999999
            ],
              "ypr": [
              0,
              0,
              0
              ],
              "scale": 1
          },
{
              "name": "DZ\\plants\\clutter\\c_elytrigia_green.p3d",
              "pos": [
              4531.532715000001,
              224.16871700000002,
              4440.802733999999
            ],
              "ypr": [
              0,
              0,
              0
              ],
              "scale": 1
          },
{
              "name": "DZ\\plants\\clutter\\c_elytrigia_green.p3d",
              "pos": [
              4533.324707000001,
              224.112229,
              4440.331053999999
            ],
              "ypr": [
              0,
              0,
              0
              ],
              "scale": 1
          },
{
              "name": "DZ\\plants\\clutter\\c_elytrigia_green.p3d",
              "pos": [
              4532.312988000001,
              224.1026,
              4439.425292999999
            ],
              "ypr": [
              0,
              0,
              0
              ],
              "scale": 1
          },
{
              "name": "DZ\\plants\\clutter\\c_elytrigia_green.p3d",
              "pos": [
              4534.311524000001,
              224.31118800000002,
              4445.838378999999
            ],
              "ypr": [
              0,
              0,
              0
              ],
              "scale": 1
          },
{
              "name": "DZ\\plants\\clutter\\c_elytrigiatall.p3d",
              "pos": [
              4532.29541,
              224.153778,
              4440.84082
            ],
              "ypr": [
              0,
              0,
              0
              ],
              "scale": 1
          },
{
              "name": "DZ\\plants\\clutter\\c_elytrigiatall.p3d",
              "pos": [
              4539.61084,
              223.848739,
              4436.187988
            ],
              "ypr": [
              0,
              0,
              0
              ],
              "scale": 1
          },
{
              "name": "DZ\\plants\\clutter\\c_elytrigiatall.p3d",
              "pos": [
              4531.313477,
              224.448364,
              4447.794434
            ],
              "ypr": [
              0,
              0,
              0
              ],
              "scale": 1
          },
{
              "name": "DZ\\plants\\clutter\\c_elytrigiatall.p3d",
              "pos": [
              4526.335449,
              224.949127,
              4457.666504
            ],
              "ypr": [
              0,
              0,
              0
              ],
              "scale": 1
          },
{
              "name": "DZ\\plants\\clutter\\c_elytrigiatall.p3d",
              "pos": [
              4522.933594,
              225.533111,
              4472.004883
            ],
              "ypr": [
              0,
              0,
              0
              ],
              "scale": 1
          },
{
              "name": "DZ\\plants\\clutter\\c_elytrigiatall.p3d",
              "pos": [
              4514.662109,
              225.95786999999999,
              4484.395508
            ],
              "ypr": [
              0,
              0,
              0
              ],
              "scale": 1
          },
{
              "name": "DZ\\plants\\clutter\\c_elytrigiatall.p3d",
              "pos": [
              4508.350586,
              226.631668,
              4514.273926
            ],
              "ypr": [
              0,
              0,
              0
              ],
              "scale": 1
          },
{
              "name": "DZ\\plants\\clutter\\c_elytrigiatall.p3d",
              "pos": [
              4500.325684,
              226.791992,
              4522.068848
            ],
              "ypr": [
              0,
              0,
              0
              ],
              "scale": 1
          },
{
              "name": "DZ\\plants\\clutter\\c_elytrigiatall.p3d",
              "pos": [
              4499.028809,
              227.020645,
              4537.221191
            ],
              "ypr": [
              0,
              0,
              0
              ],
              "scale": 1
          },
{
              "name": "DZ\\plants\\clutter\\c_elytrigiadirt.p3d",
              "pos": [
              4499.294921999999,
              226.994217,
              4535.625488000001
            ],
              "ypr": [
              0,
              0,
              0
              ],
              "scale": 1
          },
{
              "name": "DZ\\plants\\clutter\\c_elytrigiadirt.p3d",
              "pos": [
              4491.314452999999,
              227.546067,
              4555.435059
            ],
              "ypr": [
              0,
              0,
              0
              ],
              "scale": 1
          },
{
              "name": "DZ\\plants\\clutter\\c_elytrigiadirt.p3d",
              "pos": [
              4487.704589999999,
              228.478409,
              4567.946777
            ],
              "ypr": [
              0,
              0,
              0
              ],
              "scale": 1
          },
{
              "name": "DZ\\plants\\clutter\\c_elytrigiadirt.p3d",
              "pos": [
              4501.925780999999,
              226.783112,
              4522.019043
            ],
              "ypr": [
              0,
              0,
              0
              ],
              "scale": 1
          },
{
              "name": "DZ\\plants\\clutter\\c_elytrigiadirt.p3d",
              "pos": [
              4505.784667999999,
              226.673462,
              4515.867188
            ],
              "ypr": [
              0,
              0,
              0
              ],
              "scale": 1
          },
{
              "name": "DZ\\plants\\clutter\\c_elytrigiadirt.p3d",
              "pos": [
              4509.453124999999,
              226.314011,
              4497.727539
            ],
              "ypr": [
              0,
              0,
              0
              ],
              "scale": 1
          },
{
              "name": "DZ\\plants\\clutter\\c_elytrigiadirt.p3d",
              "pos": [
              4516.333007999999,
              226.100144,
              4490.909180000001
            ],
              "ypr": [
              0,
              0,
              0
              ],
              "scale": 1
          },
{
              "name": "DZ\\plants\\clutter\\c_elytrigiadirt.p3d",
              "pos": [
              4517.813475999999,
              225.92782599999998,
              4484.373535000001
            ],
              "ypr": [
              0,
              0,
              0
              ],
              "scale": 1
          },
{
              "name": "DZ\\plants\\clutter\\c_elytrigiadirt.p3d",
              "pos": [
              4524.376464999999,
              225.365204,
              4467.541504000001
            ],
              "ypr": [
              0,
              0,
              0
              ],
              "scale": 1
          },
{
              "name": "DZ\\plants\\clutter\\c_elytrigiadirt.p3d",
              "pos": [
              4526.446288999999,
              224.98410099999998,
              4458.52832
            ],
              "ypr": [
              0,
              0,
              0
              ],
              "scale": 1
          },
{
              "name": "DZ\\plants\\clutter\\c_elytrigiadirt.p3d",
              "pos": [
              4534.534179999999,
              224.02259899999999,
              4438.368652
            ],
              "ypr": [
              0,
              0,
              0
              ],
              "scale": 1
          },
{
              "name": "staticobj_wreck_ural",
              "pos": [
              4515.730957,
              227.208481,
              4487.244629
            ],
              "ypr": [
              164.004639,
              0,
              0
              ],
              "scale": 1
          }
	]
}