{
   "spawnWeight": 1,
   "name": "Player",
   "characterTypes": [
      "SurvivorM_Mirek",
      "SurvivorM_Boris",
      "SurvivorM_Cyril",
      "SurvivorM_Denis",
      "SurvivorM_Elias",
      "SurvivorM_Francis",
      "SurvivorM_Guo",
      "SurvivorM_Hassan",
      "SurvivorM_Indar",
      "SurvivorM_Jose",
      "SurvivorM_Kaito",
      "SurvivorM_Lewis",
      "SurvivorM_Manua",
      "SurvivorM_Niki",
      "SurvivorM_Oliver",
      "SurvivorM_Peter",
      "SurvivorM_Quinn",
      "SurvivorM_Rolf",
      "SurvivorM_Seth",
      "SurvivorM_Taiki",
      "SurvivorF_Eva",
      "SurvivorF_Frida",
      "SurvivorF_Gabi",
      "SurvivorF_Helga",
      "SurvivorF_Irena",
      "SurvivorF_Judy",
      "SurvivorF_Keiko",
      "SurvivorF_Linda",
      "SurvivorF_Maria",
      "SurvivorF_Naomi",
      "SurvivorF_Baty"
   ],
   "attachmentSlotItemSets": [
      {
         "slotName": "shoulderL",
         "discreteItemSets": [
            {
               "itemType": "Crossbow_Black",
               "spawnWeight": 1,
               "attributes": {
                  "healthMin": 0.8,
                  "healthMax": 1.0,
                  "quantityMin": 1.0,
                  "quantityMax": 1.0
               },
               "quickBarSlot": 1
            }
         ]
      },
      {
         "slotName": "Back",
         "discreteItemSets": [
            {
               "itemType": "Slingbag_Black",
               "spawnWeight": 1,
               "attributes": {
                  "healthMin": 0.8,
                  "healthMax": 0.8,
                  "quantityMin": 1.0,
                  "quantityMax": 1.0
               },
               "quickBarSlot": -1,
               "simpleChildrenUseDefaultAttributes": false,
               "simpleChildrenTypes": [
                  "BakedBeansCan",
                  "BakedBeansCan",
                  "Ammo_HuntingBolt",
                  "WeaponCleaningKit"
               ]
            }
         ]
      },
      {
         "slotName": "Headgear",
         "discreteItemSets": [
            {
               "itemType": "WitchHood_Black",
               "spawnWeight": 1,
               "attributes": {
                  "healthMin": 1.0,
                  "healthMax": 1.0,
                  "quantityMin": 1.0,
                  "quantityMax": 1.0
               },
               "quickBarSlot": -1
            }
         ]
      },
      {
         "slotName": "Gloves",
         "discreteItemSets": [
            {
               "itemType": "WoolGlovesFingerless_Black",
               "spawnWeight": 1,
               "attributes": {
                  "healthMin": 1.0,
                  "healthMax": 1.0,
                  "quantityMin": 1.0,
                  "quantityMax": 1.0
               },
               "quickBarSlot": -1
            }
         ]
      },
      {
         "slotName": "Mask",
         "discreteItemSets": [
            {
               "itemType": "BalaclavaMask_BDU",
               "spawnWeight": 1,
               "attributes": {
                  "healthMin": 1.0,
                  "healthMax": 1.0,
                  "quantityMin": 1.0,
                  "quantityMax": 1.0
               },
               "quickBarSlot": -1
            }
         ]
      },
      {
         "slotName": "Body",
         "discreteItemSets": [
            {
               "itemType": "Hoodie_Black",
               "spawnWeight": 1,
               "attributes": {
                  "healthMin": 1.0,
                  "healthMax": 1.0,
                  "quantityMin": 1.0,
                  "quantityMax": 1.0
               },
               "quickBarSlot": -1,
               "simpleChildrenTypes": [
                  "ChernarusMap"
               ]
            }
         ]
      },
      {
         "slotName": "Legs",
         "discreteItemSets": [
            {
               "itemType": "CargoPants_Beige",
               "spawnWeight": 1,
               "attributes": {
                  "healthMin": 1.0,
                  "healthMax": 1.0,
                  "quantityMin": 1.0,
                  "quantityMax": 1.0
               },
               "quickBarSlot": -1,
               "simpleChildrenTypes": [
                  "CanOpener"
               ]
            }
         ]
      },
      {
         "slotName": "Feet",
         "discreteItemSets": [
            {
               "itemType": "HikingBoots_Black",
               "spawnWeight": 1,
               "attributes": {
                  "healthMin": 1.0,
                  "healthMax": 1.0,
                  "quantityMin": 1.0,
                  "quantityMax": 1.0
               },
               "quickBarSlot": -1
            }
         ]
      }
   ],
   "discreteUnsortedItemSets": [
      {
         "name": "Cargo1",
         "spawnWeight": 1,
         "attributes": {
            "healthMin": 1.0,
            "healthMax": 1.0,
            "quantityMin": 1.0,
            "quantityMax": 1.0
         },
         "complexChildrenTypes": [
            {
               "itemType": "BandageDressing",
               "attributes": {
                  "healthMin": 1.0,
                  "healthMax": 1.0,
                  "quantityMin": 1.0,
                  "quantityMax": 1.0
               },
               "quickBarSlot": 3
            },
            {
               "itemType": "HuntingKnife",
               "attributes": {
                  "healthMin": 1.0,
                  "healthMax": 1.0,
                  "quantityMin": 1.0,
                  "quantityMax": 1.0
               },
               "quickBarSlot": 2
            },
            {
               "itemType": "Compass",
               "attributes": {
                  "healthMin": 1.0,
                  "healthMax": 1.0,
                  "quantityMin": 1.0,
                  "quantityMax": 1.0
               },
               "quickBarSlot": 4
            },
            {
               "itemType": "Flashlight",
               "attributes": {
                  "healthMin": 1.0,
                  "healthMax": 1.0,
                  "quantityMin": 1.0,
                  "quantityMax": 1.0
               },
               "quickBarSlot": -1,
               "simpleChildrenUseDefaultAttributes": true,
               "simpleChildrenTypes": [
                  "Battery9V"
               ]
            },
            {
               "itemType": "GPSReceiver",
               "attributes": {
                  "healthMin": 1.0,
                  "healthMax": 1.0,
                  "quantityMin": 1.0,
                  "quantityMax": 1.0
               },
               "quickBarSlot": -1,
               "simpleChildrenUseDefaultAttributes": true,
               "simpleChildrenTypes": [
                  "Battery9V"
               ]
            },
            {
               "itemType": "PersonalRadio",
               "attributes": {
                  "healthMin": 1.0,
                  "healthMax": 1.0,
                  "quantityMin": 1.0,
                  "quantityMax": 1.0
               },
               "quickBarSlot": -1,
               "simpleChildrenUseDefaultAttributes": true,
               "simpleChildrenTypes": [
                  "Battery9V"
               ]
            },
            {
               "itemType": "SodaCan_Kvass",
               "attributes": {
                  "healthMin": 1.0,
                  "healthMax": 1.0,
                  "quantityMin": 1.0,
                  "quantityMax": 1.0
               },
               "quickBarSlot": -1
            }
         ],
         "simpleChildrenUseDefaultAttributes": false,
         "simpleChildrenTypes": [
            "BandageDressing",
            "GlassBottle"
         ]
      }
   ]
}
