{
	"Objects": [
{
              "name": "DZ\\plants\\bush\\b_betulahumilis_1s.p3d",
              "pos": [
              12894.666992000002,
              173.06046999999998,
              4465.089845
            ],
              "ypr": [
              0,
              0,
              0
              ],
              "scale": 1
          },
{
              "name": "DZ\\plants\\bush\\b_corylusavellana_1f.p3d",
              "pos": [
              12892.312500000002,
              173.024871,
              4464.598144
            ],
              "ypr": [
              0,
              0,
              0
              ],
              "scale": 1
          },
{
              "name": "DZ\\plants\\bush\\b_corylusavellana_2s.p3d",
              "pos": [
              12896.223633000001,
              173.14627099999998,
              4469.117674999999
            ],
              "ypr": [
              0,
              0,
              0
              ],
              "scale": 1
          },
{
              "name": "DZ\\plants\\bush\\b_corylusavellana_2s.p3d",
              "pos": [
              12920.802735000001,
              171.140839,
              4446.600585999999
            ],
              "ypr": [
              0,
              0,
              0
              ],
              "scale": 1
          },
{
              "name": "DZ\\plants\\bush\\b_crataeguslaevigata_2s.p3d",
              "pos": [
              12902.90039,
              172.69764800000002,
              4454.030762
            ],
              "ypr": [
              0,
              0,
              0
              ],
              "scale": 1
          },
{
              "name": "DZ\\plants\\bush\\b_crataeguslaevigata_2s.p3d",
              "pos": [
              12878.704101,
              172.374055,
              4456.51709
            ],
              "ypr": [
              0,
              0,
              0
              ],
              "scale": 1
          },
{
              "name": "DZ\\plants\\bush\\b_crataeguslaevigata_1s.p3d",
              "pos": [
              12867.966797,
              171.754944,
              4431.262695
            ],
              "ypr": [
              0,
              0,
              0
              ],
              "scale": 1
          },
{
              "name": "DZ\\plants\\bush\\b_betulahumilis_1s.p3d",
              "pos": [
              12836.485352000002,
              171.277206,
              4442.749024000001
            ],
              "ypr": [
              0,
              0,
              0
              ],
              "scale": 1
          },
{
              "name": "DZ\\plants\\bush\\b_prunusspinosa_2s.p3d",
              "pos": [
              12830.702148999999,
              171.220429,
              4448.3530279999995
            ],
              "ypr": [
              0,
              0,
              0
              ],
              "scale": 1
          },
{
              "name": "DZ\\plants\\bush\\b_prunusspinosa_2s.p3d",
              "pos": [
              12823.157227,
              171.18208299999998,
              4458.277343999999
            ],
              "ypr": [
              0,
              0,
              0
              ],
              "scale": 1
          },
{
              "name": "DZ\\plants\\bush\\b_rosacanina_1s.p3d",
              "pos": [
              12809.897461,
              171.124223,
              4449.828614000001
            ],
              "ypr": [
              0,
              0,
              0
              ],
              "scale": 1
          },
{
              "name": "DZ\\plants\\bush\\b_prunusspinosa_2s.p3d",
              "pos": [
              12816.40625,
              171.153977,
              4448.160156
            ],
              "ypr": [
              0,
              0,
              0
              ],
              "scale": 1
          },
{
              "name": "DZ\\plants\\bush\\b_sambucusnigra_2s.p3d",
              "pos": [
              12805.977538,
              171.104325,
              4454.6987309999995
            ],
              "ypr": [
              0,
              0,
              0
              ],
              "scale": 1
          },
{
              "name": "DZ\\plants\\bush\\b_sambucusnigra_2s.p3d",
              "pos": [
              12847.563476,
              171.41722199999998,
              4470.311524
            ],
              "ypr": [
              0,
              0,
              0
              ],
              "scale": 1
          },
{
              "name": "DZ\\plants\\tree\\t_salixalba_2sb_swamp.p3d",
              "pos": [
              12876.165039000003,
              173.277909,
              4484.816405999999
            ],
              "ypr": [
              0,
              0,
              0
              ],
              "scale": 1
          },
{
              "name": "DZ\\plants\\tree\\t_robiniapseudoacacia_3f.p3d",
              "pos": [
              12849.478516,
              171.48384200000004,
              4472.163573999999
            ],
              "ypr": [
              0,
              0,
              0
              ],
              "scale": 1
          },
{
              "name": "DZ\\plants\\tree\\t_robiniapseudoacacia_3f.p3d",
              "pos": [
              12885.886719,
              172.14746200000002,
              4443.869628999999
            ],
              "ypr": [
              0,
              0,
              0
              ],
              "scale": 1
          },
{
              "name": "DZ\\plants\\tree\\t_robiniapseudoacacia_3f.p3d",
              "pos": [
              12899.649414,
              173.357377,
              4476.439941999999
            ],
              "ypr": [
              0,
              0,
              0
              ],
              "scale": 1
          },
{
              "name": "DZ\\plants\\tree\\t_robiniapseudoacacia_3f.p3d",
              "pos": [
              12817.164063,
              171.14680600000003,
              4471.834472999999
            ],
              "ypr": [
              0,
              0,
              0
              ],
              "scale": 1
          },
{
              "name": "DZ\\plants\\tree\\t_quercusrobur_3sb.p3d",
              "pos": [
              12829.019530999998,
              171.29707399999998,
              4428.924316
            ],
              "ypr": [
              0,
              0,
              0
              ],
              "scale": 1
          },
{
              "name": "DZ\\plants\\tree\\t_quercusrobur_3sb.p3d",
              "pos": [
              12799.406249999998,
              171.06291199999998,
              4444.30371
            ],
              "ypr": [
              0,
              0,
              0
              ],
              "scale": 1
          },
{
              "name": "DZ\\plants\\tree\\t_quercusrobur_3sb.p3d",
              "pos": [
              12909.146483999999,
              172.963989,
              4464.741699
            ],
              "ypr": [
              0,
              0,
              0
              ],
              "scale": 1
          },
{
              "name": "DZ\\plants\\tree\\t_quercusrobur_3sb.p3d",
              "pos": [
              12919.999022999998,
              171.32724,
              4437.803222
            ],
              "ypr": [
              0,
              0,
              0
              ],
              "scale": 1
          },
{
              "name": "DZ\\plants\\tree\\t_quercusrobur_3sb.p3d",
              "pos": [
              12870.724608999999,
              172.227219,
              4422.108886
            ],
              "ypr": [
              0,
              0,
              0
              ],
              "scale": 1
          },
{
              "name": "DZ\\plants\\tree\\t_quercusrobur_3sb.p3d",
              "pos": [
              12835.403319999998,
              172.36665399999998,
              4461.748046
            ],
              "ypr": [
              0,
              0,
              0
              ],
              "scale": 1
          },
{
              "name": "DZ\\plants\\tree\\t_quercusrobur_3f.p3d",
              "pos": [
              12862.566406,
              171.84172,
              4459.370605
            ],
              "ypr": [
              0,
              0,
              0
              ],
              "scale": 1
          },
{
              "name": "DZ\\plants\\tree\\t_robiniapseudoacacia_3f.p3d",
              "pos": [
              12866.625977,
              171.902406,
              4455.462401999999
            ],
              "ypr": [
              0,
              0,
              0
              ],
              "scale": 1
          },
{
              "name": "DZ\\plants\\tree\\t_robiniapseudoacacia_3f.p3d",
              "pos": [
              12871.164063,
              172.75584500000002,
              4476.923827999999
            ],
              "ypr": [
              0,
              0,
              0
              ],
              "scale": 1
          },
{
              "name": "DZ\\plants\\tree\\t_pyruscommunis_2s.p3d",
              "pos": [
              12887.406249000001,
              172.579514,
              4452.573242000001
            ],
              "ypr": [
              0,
              0,
              0
              ],
              "scale": 1
          },
{
              "name": "DZ\\plants\\tree\\t_populusalba_3s.p3d",
              "pos": [
              12898.991211,
              172.374863,
              4444.593261000001
            ],
              "ypr": [
              0,
              0,
              0
              ],
              "scale": 1
          },
{
              "name": "DZ\\plants\\tree\\t_prunusdomestica_2s.p3d",
              "pos": [
              12894.218749000003,
              172.922744,
              4460.143067000001
            ],
              "ypr": [
              0,
              0,
              0
              ],
              "scale": 1
          },
{
              "name": "DZ\\plants\\clutter\\c_elytrigia_green.p3d",
              "pos": [
              12878.412110000001,
              172.819092,
              4467.659178999999
            ],
              "ypr": [
              0,
              0,
              0
              ],
              "scale": 1
          },
{
              "name": "DZ\\plants\\clutter\\c_elytrigia_green.p3d",
              "pos": [
              12876.007813,
              172.612534,
              4463.669921999999
            ],
              "ypr": [
              0,
              0,
              0
              ],
              "scale": 1
          },
{
              "name": "DZ\\plants\\clutter\\c_elytrigia_green.p3d",
              "pos": [
              12876.102539000001,
              172.646714,
              4464.800292999999
            ],
              "ypr": [
              0,
              0,
              0
              ],
              "scale": 1
          },
{
              "name": "DZ\\plants\\clutter\\c_elytrigia_green.p3d",
              "pos": [
              12877.831055,
              172.73443600000002,
              4464.810546999999
            ],
              "ypr": [
              0,
              0,
              0
              ],
              "scale": 1
          },
{
              "name": "DZ\\plants\\clutter\\c_elytrigiatall.p3d",
              "pos": [
              12876.969727,
              172.770172,
              4467.883301
            ],
              "ypr": [
              0,
              0,
              0
              ],
              "scale": 1
          },
{
              "name": "DZ\\plants\\clutter\\c_elytrigiatall.p3d",
              "pos": [
              12874.441406,
              172.541656,
              4464.490723
            ],
              "ypr": [
              0,
              0,
              0
              ],
              "scale": 1
          },
{
              "name": "DZ\\plants\\clutter\\c_elytrigia.p3d",
              "pos": [
              12874.757813,
              172.64973500000002,
              4468.064452999999
            ],
              "ypr": [
              0,
              0,
              0
              ],
              "scale": 1
          },
{
              "name": "DZ\\plants\\clutter\\c_elytrigiadirt.p3d",
              "pos": [
              12876.269531,
              172.692139,
              4466.375488000001
            ],
              "ypr": [
              0,
              0,
              0
              ],
              "scale": 1
          },
{
              "name": "DZ\\plants\\clutter\\c_elytrigiadirt.p3d",
              "pos": [
              12884.817383,
              172.912262,
              4464.629395000001
            ],
              "ypr": [
              0,
              0,
              0
              ],
              "scale": 1
          },
{
              "name": "DZ\\plants\\clutter\\c_elytrigiadirt.p3d",
              "pos": [
              12886.390624999998,
              172.80848699999999,
              4459.453125000001
            ],
              "ypr": [
              0,
              0,
              0
              ],
              "scale": 1
          },
{
              "name": "DZ\\plants\\clutter\\c_elytrigia_green.p3d",
              "pos": [
              12888.572266000001,
              172.939804,
              4462.939452999999
            ],
              "ypr": [
              0,
              0,
              0
              ],
              "scale": 1
          },
{
              "name": "DZ\\plants\\clutter\\c_elytrigia_green.p3d",
              "pos": [
              12863.210938,
              171.86419700000002,
              4460.400878999999
            ],
              "ypr": [
              0,
              0,
              0
              ],
              "scale": 1
          },
{
              "name": "DZ\\plants\\clutter\\c_elytrigia_green.p3d",
              "pos": [
              12860.598633000001,
              171.806305,
              4462.518065999999
            ],
              "ypr": [
              0,
              0,
              0
              ],
              "scale": 1
          },
{
              "name": "DZ\\plants\\clutter\\c_elytrigia_green.p3d",
              "pos": [
              12861.851563,
              171.862458,
              4463.694823999999
            ],
              "ypr": [
              0,
              0,
              0
              ],
              "scale": 1
          },
{
              "name": "DZ\\plants\\clutter\\c_elytrigia_green.p3d",
              "pos": [
              12861.851563,
              171.862458,
              4463.694823999999
            ],
              "ypr": [
              0,
              0,
              0
              ],
              "scale": 1
          },
{
              "name": "DZ\\plants\\clutter\\c_elytrigia_green.p3d",
              "pos": [
              12861.053711,
              171.857895,
              4467.245116999999
            ],
              "ypr": [
              0,
              0,
              0
              ],
              "scale": 1
          },
{
              "name": "DZ\\plants\\clutter\\c_elytrigia_green.p3d",
              "pos": [
              12862.091797000001,
              171.909073,
              4468.277342999999
            ],
              "ypr": [
              0,
              0,
              0
              ],
              "scale": 1
          },
{
              "name": "DZ\\plants\\clutter\\c_elytrigiatall.p3d",
              "pos": [
              12862.223633,
              171.86639399999999,
              4462.315918
            ],
              "ypr": [
              0,
              0,
              0
              ],
              "scale": 1
          },
{
              "name": "DZ\\plants\\clutter\\c_elytrigiadirt.p3d",
              "pos": [
              12858.848633,
              171.761429,
              4466.753906000001
            ],
              "ypr": [
              0,
              0,
              0
              ],
              "scale": 1
          },
{
              "name": "DZ\\plants\\clutter\\c_elytrigia_green.p3d",
              "pos": [
              12848.218750000002,
              171.41214000000002,
              4463.307128999999
            ],
              "ypr": [
              0,
              0,
              0
              ],
              "scale": 1
          },
{
              "name": "DZ\\plants\\clutter\\c_elytrigia_green.p3d",
              "pos": [
              12845.057617,
              171.33029200000001,
              4457.964354999999
            ],
              "ypr": [
              0,
              0,
              0
              ],
              "scale": 1
          },
{
              "name": "DZ\\plants\\clutter\\c_elytrigia_green.p3d",
              "pos": [
              12849.583008000001,
              171.44618300000002,
              4462.718260999999
            ],
              "ypr": [
              0,
              0,
              0
              ],
              "scale": 1
          },
{
              "name": "DZ\\plants\\clutter\\c_elytrigiadirt.p3d",
              "pos": [
              12846.233397999998,
              171.351151,
              4459.027344
            ],
              "ypr": [
              0,
              0,
              0
              ],
              "scale": 1
          },
{
              "name": "DZ\\plants\\clutter\\c_elytrigiadirt.p3d",
              "pos": [
              12839.694335999999,
              171.28805599999998,
              4460.085938
            ],
              "ypr": [
              0,
              0,
              0
              ],
              "scale": 1
          },
{
              "name": "DZ\\plants\\clutter\\c_elytrigia_green.p3d",
              "pos": [
              12837.212891000001,
              171.268998,
              4459.415038999999
            ],
              "ypr": [
              0,
              0,
              0
              ],
              "scale": 1
          },
{
              "name": "DZ\\plants\\clutter\\c_elytrigia_green.p3d",
              "pos": [
              12835.327149,
              171.252625,
              4458.4658199999985
            ],
              "ypr": [
              0,
              0,
              0
              ],
              "scale": 1
          },
{
              "name": "DZ\\plants\\clutter\\c_elytrigia_green.p3d",
              "pos": [
              12836.004883000001,
              171.262711,
              4459.859374999999
            ],
              "ypr": [
              0,
              0,
              0
              ],
              "scale": 1
          },
{
              "name": "DZ\\plants\\clutter\\c_elytrigia_green.p3d",
              "pos": [
              12830.771485000001,
              171.219101,
              4457.682128999999
            ],
              "ypr": [
              0,
              0,
              0
              ],
              "scale": 1
          },
{
              "name": "DZ\\plants\\clutter\\c_elytrigia_green.p3d",
              "pos": [
              12831.483399,
              171.220841,
              4456.926756999999
            ],
              "ypr": [
              0,
              0,
              0
              ],
              "scale": 1
          },
{
              "name": "DZ\\plants\\clutter\\c_elytrigiatall.p3d",
              "pos": [
              12829.193359,
              171.210571,
              4457.939453
            ],
              "ypr": [
              0,
              0,
              0
              ],
              "scale": 1
          },
{
              "name": "DZ\\plants\\clutter\\c_elytrigiadirt.p3d",
              "pos": [
              12829.870116999999,
              171.209809,
              4455.374024000001
            ],
              "ypr": [
              0,
              0,
              0
              ],
              "scale": 1
          },
{
              "name": "DZ\\plants\\clutter\\c_elytrigiadirt.p3d",
              "pos": [
              12818.882812,
              171.149811,
              4455.667969
            ],
              "ypr": [
              0,
              0,
              0
              ],
              "scale": 1
          },
{
              "name": "DZ\\plants\\clutter\\c_elytrigiadirt.p3d",
              "pos": [
              12814.415039,
              171.14039599999998,
              4450.147949
            ],
              "ypr": [
              0,
              0,
              0
              ],
              "scale": 1
          },
{
              "name": "DZ\\plants\\clutter\\c_elytrigia_green.p3d",
              "pos": [
              12820.253906000002,
              171.162094,
              4450.833983999999
            ],
              "ypr": [
              0,
              0,
              0
              ],
              "scale": 1
          },
{
              "name": "DZ\\plants\\clutter\\c_elytrigia_green.p3d",
              "pos": [
              12812.347656000002,
              171.121689,
              4454.125975999999
            ],
              "ypr": [
              0,
              0,
              0
              ],
              "scale": 1
          },
{
              "name": "DZ\\plants\\clutter\\c_elytrigia_green.p3d",
              "pos": [
              12794.878906000002,
              170.975815,
              4448.438475999999
            ],
              "ypr": [
              0,
              0,
              0
              ],
              "scale": 1
          },
{
              "name": "DZ\\plants\\clutter\\c_elytrigia_green.p3d",
              "pos": [
              12794.051758000001,
              170.934861,
              4449.633299999999
            ],
              "ypr": [
              0,
              0,
              0
              ],
              "scale": 1
          },
{
              "name": "DZ\\plants\\clutter\\c_elytrigia_green.p3d",
              "pos": [
              12797.687500000002,
              171.038727,
              4452.729979999999
            ],
              "ypr": [
              0,
              0,
              0
              ],
              "scale": 1
          },
{
              "name": "DZ\\plants\\clutter\\c_elytrigiatall.p3d",
              "pos": [
              12796.047852,
              171.003402,
              4449.492188
            ],
              "ypr": [
              0,
              0,
              0
              ],
              "scale": 1
          },
{
              "name": "DZ\\plants\\clutter\\c_elytrigiatall.p3d",
              "pos": [
              12790.386719,
              170.748001,
              4452.588867
            ],
              "ypr": [
              0,
              0,
              0
              ],
              "scale": 1
          },
{
              "name": "DZ\\plants\\clutter\\c_elytrigiatall.p3d",
              "pos": [
              12814.139648,
              171.128906,
              4454.071777
            ],
              "ypr": [
              0,
              0,
              0
              ],
              "scale": 1
          },
{
              "name": "DZ\\plants\\clutter\\c_elytrigiatall.p3d",
              "pos": [
              12810.615234,
              171.12677,
              4449.586914
            ],
              "ypr": [
              0,
              0,
              0
              ],
              "scale": 1
          },
{
              "name": "DZ\\plants\\clutter\\c_anthoxanthum.p3d",
              "pos": [
              12876.049804999999,
              172.580185,
              4462.494139999999
            ],
              "ypr": [
              0,
              0,
              0
              ],
              "scale": 1
          },
{
              "name": "DZ\\plants\\clutter\\c_anthoxanthum.p3d",
              "pos": [
              12862.913086,
              171.951432,
              4469.415526999999
            ],
              "ypr": [
              0,
              0,
              0
              ],
              "scale": 1
          },
{
              "name": "DZ\\plants\\clutter\\c_anthoxanthum.p3d",
              "pos": [
              12847.864258,
              171.352845,
              4456.039061999999
            ],
              "ypr": [
              0,
              0,
              0
              ],
              "scale": 1
          },
{
              "name": "DZ\\plants\\clutter\\c_anthoxanthum.p3d",
              "pos": [
              12837.785156,
              171.27581800000002,
              4460.198241999999
            ],
              "ypr": [
              0,
              0,
              0
              ],
              "scale": 1
          },
{
              "name": "DZ\\plants\\clutter\\c_anthoxanthum.p3d",
              "pos": [
              12822.202148999999,
              171.17082200000002,
              4451.370604999999
            ],
              "ypr": [
              0,
              0,
              0
              ],
              "scale": 1
          },
{
              "name": "DZ\\plants\\clutter\\c_anthoxanthum.p3d",
              "pos": [
              12808.608398999999,
              171.110703,
              4453.928221999999
            ],
              "ypr": [
              0,
              0,
              0
              ],
              "scale": 1
          },
{
              "name": "DZ\\plants\\clutter\\c_anthoxanthum_bended.p3d",
              "pos": [
              12814.855469,
              171.12756399999998,
              4455.636229999999
            ],
              "ypr": [
              0,
              0,
              0
              ],
              "scale": 1
          },
{
              "name": "Land_Wreck_Uaz",
              "pos": [
              12834.402344,
              172.075882,
              4455.17627
            ],
              "ypr": [
              94.000031,
              0,
              0
              ],
              "scale": 1
          },
{
              "name": "Land_Wreck_Lada_Red",
              "pos": [
              12831.160156,
              171.878281,
              4453.40625
            ],
              "ypr": [
              -106.999985,
              0,
              0
              ],
              "scale": 1
          },
{
              "name": "staticobj_wreck_decal_small1",
              "pos": [
              12829.169922,
              171.220139,
              4454.155273
            ],
              "ypr": [
              108.999985,
              0,
              0
              ],
              "scale": 1
          },
{
              "name": "DZ\\plants\\clutter\\c_elytrigia_green.p3d",
              "pos": [
              12829.025391000001,
              171.208878,
              4452.894042999999
            ],
              "ypr": [
              0,
              0,
              0
              ],
              "scale": 1
          },
{
              "name": "DZ\\plants\\clutter\\c_elytrigia_green.p3d",
              "pos": [
              12829.146485000001,
              171.208832,
              4453.295409999999
            ],
              "ypr": [
              0,
              0,
              0
              ],
              "scale": 1
          },
{
              "name": "DZ\\plants\\clutter\\c_elytrigia_green.p3d",
              "pos": [
              12833.782227000002,
              171.23382600000002,
              4456.340331999999
            ],
              "ypr": [
              0,
              0,
              0
              ],
              "scale": 1
          },
{
              "name": "DZ\\plants\\clutter\\c_elytrigia_green.p3d",
              "pos": [
              12832.666016000001,
              171.22255,
              4455.384276999999
            ],
              "ypr": [
              0,
              0,
              0
              ],
              "scale": 1
          },
{
              "name": "DZ\\plants\\clutter\\c_elytrigia_green.p3d",
              "pos": [
              12836.059570000001,
              171.247498,
              4455.962401999999
            ],
              "ypr": [
              0,
              0,
              0
              ],
              "scale": 1
          },
{
              "name": "DZ\\plants\\clutter\\c_elytrigia_green.p3d",
              "pos": [
              12834.763672000001,
              171.23950200000002,
              4456.126463999999
            ],
              "ypr": [
              0,
              0,
              0
              ],
              "scale": 1
          },
{
              "name": "DZ\\plants\\clutter\\c_elytrigia_green.p3d",
              "pos": [
              12837.031250000002,
              171.250122,
              4454.685546999999
            ],
              "ypr": [
              0,
              0,
              0
              ],
              "scale": 1
          },
{
              "name": "DZ\\plants\\clutter\\c_elytrigiatall.p3d",
              "pos": [
              12837.017578,
              171.255371,
              4456.343262
            ],
              "ypr": [
              0,
              0,
              0
              ],
              "scale": 1
          },
{
              "name": "DZ\\plants\\clutter\\c_elytrigiadirt.p3d",
              "pos": [
              12837.80957,
              171.25990299999998,
              4456.193848000001
            ],
              "ypr": [
              0,
              0,
              0
              ],
              "scale": 1
          },
{
              "name": "DZ\\plants\\clutter\\c_elytrigiadirt.p3d",
              "pos": [
              12829.094726,
              171.20803899999999,
              4453.6162110000005
            ],
              "ypr": [
              0,
              0,
              0
              ],
              "scale": 1
          },
{
              "name": "DZ\\plants\\clutter\\c_carduus.p3d",
              "pos": [
              12832.130859,
              171.219483,
              4455.35791
            ],
              "ypr": [
              0,
              0,
              0
              ],
              "scale": 1
          },
{
              "name": "DZ\\plants\\bush\\b_rosacanina_1s.p3d",
              "pos": [
              12829.251952999999,
              171.21104499999998,
              4452.478516000001
            ],
              "ypr": [
              0,
              0,
              0
              ],
              "scale": 1
          },
{
              "name": "DZ\\plants\\bush\\b_rosacanina_1s.p3d",
              "pos": [
              12834.431641,
              171.25341899999998,
              4460.007813000001
            ],
              "ypr": [
              0,
              0,
              0
              ],
              "scale": 1
          },
{
              "name": "DZ\\plants\\clutter\\c_elytrigia_green.p3d",
              "pos": [
              12831.148438,
              171.216202,
              4456.249999999999
            ],
              "ypr": [
              0,
              0,
              0
              ],
              "scale": 1
          },
{
              "name": "DZ\\plants\\clutter\\c_elytrigia_green.p3d",
              "pos": [
              12831.894531000002,
              171.21846000000002,
              4454.315428999999
            ],
              "ypr": [
              0,
              0,
              0
              ],
              "scale": 1
          }
]
	}
