{
	"version": 122,
	"GeneralData":
	{
		"disableBaseDamage": false,
		"disableContainerDamage": false,
		"disableRespawnDialog": false,
		"disableRespawnInUnconsciousness": true
	},
    "PlayerData":
	{
		"disablePersonalLight": true,
        "spawnGearPresetFiles": ["custom/survival-loadout.json"],
		"StaminaData":
		{
			"sprintStaminaModifierErc": 1.0,
			"sprintStaminaModifierCro": 1.0,
			"staminaWeightLimitThreshold": 6000.0,
			"staminaMax": 100.0,
			"staminaKgToStaminaPercentPenalty": 1.75,
			"staminaMinCap": 5.0,
			"sprintSwimmingStaminaModifier": 1.0,
			"sprintLadderStaminaModifier": 1.0,
			"meleeStaminaModifier": 1.0,
			"obstacleTraversalStaminaModifier": 1.0,
			"holdBreathStaminaModifier": 1.0
		},
		"ShockHandlingData":
		{
			"shockRefillSpeedConscious": 5.0,
			"shockRefillSpeedUnconscious": 1.0,
			"allowRefillSpeedModifier": true
		},
		"MovementData":
		{
			"timeToStrafeJog": 0.1,
			"rotationSpeedJog": 0.3,
			"timeToSprint": 0.45,
			"timeToStrafeSprint": 0.3,
			"rotationSpeedSprint": 0.15,
			"allowStaminaAffectInertia": true
		},
		"DrowningData":
		{
			"staminaDepletionSpeed": 10.0,
			"healthDepletionSpeed": 10.0,
			"shockDepletionSpeed": 10.0
		}
	},
	"WorldsData":
	{
		"lightingConfig": 1,
		"objectSpawnersArr": ["custom/submarine_full.json","custom/novybunker.json","custom/GasStationPOI.json","custom/oilrig.json","custom/stary_yar.json","custom/KRASNOOVERHAUL-JJMODS.json","custom/BELOTAOVERHAUL.json","custom/EVAC.json","custom/chernarusdrinksmachines.json","custom/sinystok-castle.json","custom/Balota_circel.json","custom/Balota_city.json","custom/Bor.json","custom/Dolina.json","custom/DolinaSmallStreet.json","custom/Gorka.json","custom/Kamyshovo.json","custom/Khelm.json","custom/Komarovo.json","custom/Mogilevka.json","custom/Msta.json","custom/NadezhdinoandSmallCityRoad.json","custom/Novy_Sober.json","custom/Pavlovo.json","custom/Pogorevka.json","custom/Polana.json","custom/Pulkovo.json","custom/PustaandCircelChernos2.json","custom/Rogovo.json","custom/SmallCityNorthToBalota.json","custom/Solnichniy.json","custom/TrainStationChernogorsk.json","custom/Tulga.json","custom/Msta.json","custom/Vavilovo.json","custom/WindPowers.json","custom/kamyshovo_bunker.json","custom/Land_Lighthouse_ChernarusLights.json","custom/Land_Wreck_Ikarus_Fireplaces.json","custom/PartyPoliceLightsChern.json","custom/SerialKillerTrailersEmpty.json","custom/PopeIvan.json"],
		"environmentMinTemps": [-3, -2, 0, 4, 9, 14, 18, 17, 13, 11, 9, 0],
		"environmentMaxTemps": [3, 5, 7, 14, 19, 24, 26, 25, 18, 14, 10, 5],
		"wetnessWeightModifiers": [1.0, 1.0, 1.33, 1.66, 2.0]
	},
	"BaseBuildingData":
	{
		"HologramData":
		{
			"disableIsCollidingBBoxCheck": true,
			"disableIsCollidingPlayerCheck": true,
			"disableIsClippingRoofCheck": true,
			"disableIsBaseViableCheck": true,
			"disableIsCollidingGPlotCheck": true,
			"disableIsCollidingAngleCheck": true,
			"disableIsPlacementPermittedCheck": true,
			"disableHeightPlacementCheck": true,
			"disableIsUnderwaterCheck": true,
			"disableIsInTerrainCheck": true,
			"disallowedTypesInUnderground": ["FenceKit","TerritoryFlagKit","WatchtowerKit"]
		},
		"ConstructionData":
		{
			"disablePerformRoofCheck": true,
			"disableIsCollidingCheck": true,
			"disableDistanceCheck": false
		}
	},
	"UIData":
	{
		"use3DMap": false,
		"HitIndicationData":
		{
			"hitDirectionOverrideEnabled": false,
			"hitDirectionBehaviour": 1,
			"hitDirectionStyle": 0,
			"hitDirectionIndicatorColorStr": "0xffbb0a1e",
			"hitDirectionMaxDuration": 2.0,
			"hitDirectionBreakPointRelative": 0.2,
			"hitDirectionScatter": 10.0,
			"hitIndicationPostProcessEnabled": true
		}
	},
	"MapData":
	{
		"ignoreMapOwnership": false,
		"ignoreNavItemsOwnership": false,
		"displayPlayerPosition": true,
		"displayNavInfo": true
	}
}